<?xml version="1.0" encoding="utf-8"?><shortcuts>
	<shortcut>
		<defaultID>90200</defaultID>
		<label>$INFO[Weather.Location]</label>
		<label2>Custom Shortcut</label2>
		<icon>DefaultShortcut.png</icon>
		<thumb/>
		<action>ActivateWindow(weather)</action>
	</shortcut>
	<shortcut>
		<defaultID>90201</defaultID>
		<label>$INFO[Weather.Conditions]</label>
		<label2>Custom Shortcut</label2>
		<icon>DefaultShortcut.png</icon>
		<thumb/>
		<action>ActivateWindow(weather)</action>
	</shortcut>
	<shortcut>
		<defaultID>90202</defaultID>
		<label>$INFO[Weather.Temperature]</label>
		<label2>Custom Shortcut</label2>
		<icon>DefaultShortcut.png</icon>
		<thumb/>
		<action>ActivateWindow(weather)</action>
	</shortcut>
</shortcuts>