<?xml version="1.0" encoding="utf-8"?><shortcuts>
	<shortcut>
		<defaultID>744</defaultID>
		<label>744</label>
		<label2>Videos</label2>
		<icon>DefaultFolder.png</icon>
		<thumb/>
		<action>ActivateWindow(Videos,Files,return)</action>
	</shortcut>
	<shortcut>
		<defaultID>1037</defaultID>
		<label>1037</label>
		<label2>Videos</label2>
		<icon>DefaultAddonVideo.png</icon>
		<thumb/>
		<action>ActivateWindow(Videos,Addons,return)</action>
	</shortcut>
	<shortcut>
		<defaultID>136</defaultID>
		<label>136</label>
		<label2>Videos</label2>
		<icon>DefaultShortcut.png</icon>
		<thumb/>
		<action>ActivateWindow(Videos,Playlists,return)</action>
	</shortcut>
	<shortcut>
		<defaultID>32046</defaultID>
		<label>32046</label>
		<label2>XBMC Command</label2>
		<icon>DefaultShortcut.png</icon>
		<thumb/>
		<action>UpdateLibrary(video)</action>
	</shortcut>
	<shortcut>
		<defaultID>32055</defaultID>
		<label>32055</label>
		<label2>XBMC Command</label2>
		<icon>DefaultShortcut.png</icon>
		<thumb/>
		<action>CleanLibrary(video)</action>
	</shortcut>
</shortcuts>