<?xml version="1.0" encoding="utf-8"?><shortcuts>
	<shortcut>
		<defaultID>movies</defaultID>
		<label>342</label>
		<label2>Common Shortcut</label2>
		<icon>special://skin/backgrounds/Movies.jpg</icon>
		<thumb/>
		<action>ActivateWindow(Videos,MovieTitles,return)</action>
		<visible>!Skin.HasSetting(plexbmc) + Library.HasContent(Movies)</visible>
	</shortcut>
	<shortcut>
		<defaultID>tvshows</defaultID>
		<label>20343</label>
		<label2>Common Shortcut</label2>
		<icon>special://skin/backgrounds/TVShows.jpg</icon>
		<thumb/>
		<action>ActivateWindow(Videos,TVShowTitles,return)</action>
		<visible>!Skin.HasSetting(plexbmc) + Library.HasContent(TVShows)</visible>
		<disabled>True</disabled>
	</shortcut>
	<shortcut>
		<defaultID>videos</defaultID>
		<label>3</label>
		<label2>Common Shortcut</label2>
		<icon>special://skin/backgrounds/Videos.jpg</icon>
		<thumb/>
		<action>ActivateWindow(Videos,root)</action>
		<visible>!Skin.HasSetting(plexbmc)</visible>
		<disabled>True</disabled>
	</shortcut>
	<shortcut>
		<defaultID>31972</defaultID>
		<label>$SKIN[31972|skin.Princess.GlassNova.Leia|Clips]</label>
		<label2>Common Shortcut</label2>
		<icon>special://skin/backgrounds/Clips.jpg</icon>
		<thumb/>
		<action>ActivateWindow(10501,&quot;videodb://musicvideos/&quot;)</action>
		<visible>!Skin.HasSetting(plexbmc) + Library.HasContent(MusicVideos)</visible>
	</shortcut>
	<shortcut>
		<defaultID>31971</defaultID>
		<label>$SKIN[31971|skin.Princess.GlassNova.Leia|Conciertos]</label>
		<label2>Common Shortcut</label2>
		<icon>special://skin/backgrounds/Concerts.jpg</icon>
		<thumb/>
		<action>ActivateWindow(Videos,MusicVideoTitles,return)</action>
		<visible>!Skin.HasSetting(plexbmc) + Library.HasContent(MusicVideos)</visible>
	</shortcut>
	<shortcut>
		<defaultID>music</defaultID>
		<label>2</label>
		<label2>Common Shortcut</label2>
		<icon>special://skin/backgrounds/Music.jpg</icon>
		<thumb/>
		<action>ActivateWindow(Music)</action>
		<visible>!Skin.HasSetting(plexbmc)</visible>
		<disabled>True</disabled>
	</shortcut>
	<shortcut>
		<defaultID>livetv</defaultID>
		<label>32022</label>
		<label2>Common Shortcut</label2>
		<icon>special://skin/backgrounds/Tv.jpg</icon>
		<thumb/>
		<action>ActivateWindow(TVChannels)</action>
		<visible>Pvr.HasTVChannels</visible>
	</shortcut>
	<shortcut>
		<defaultID>radio</defaultID>
		<label>32087</label>
		<label2>Common Shortcut</label2>
		<icon>special://skin/backgrounds/Radio.jpg</icon>
		<thumb/>
		<action>ActivateWindow(RadioChannels)</action>
		<visible>Pvr.HasRadioChannels</visible>
	</shortcut>
	<shortcut>
		<defaultID>pictures</defaultID>
		<label>1</label>
		<label2>Common Shortcut</label2>
		<icon>special://skin/backgrounds/Pictures.jpg</icon>
		<thumb/>
		<action>ActivateWindow(Pictures,root)</action>
		<visible>!Skin.HasSetting(plexbmc)</visible>
		<disabled>True</disabled>
	</shortcut>
	<shortcut>
		<defaultID>24001</defaultID>
		<label>24001</label>
		<label2>Common Shortcut</label2>
		<icon>special://skin/backgrounds/Addons.jpg</icon>
		<thumb/>
		<action>ActivateWindow(1119)</action>
	</shortcut>
	<shortcut>
		<defaultID>15016</defaultID>
		<label>15016</label>
		<label2>Common Shortcut</label2>
		<icon>special://skin/backgrounds/Games.jpg</icon>
		<thumb/>
		<action>ActivateWindow(Games,root)</action>
		<visible>System.GetBool(gamesgeneral.enable)</visible>
	</shortcut>
	<shortcut>
		<defaultID>favourites</defaultID>
		<label>1036</label>
		<label2>Common Shortcut</label2>
		<icon>special://skin/backgrounds/Favourites2.jpg</icon>
		<thumb/>
		<action>ActivateWindow(Favourites)</action>
		<visible>!Skin.HasSetting(BlackGlassMode)</visible>
	</shortcut>
	<shortcut>
		<defaultID>favourites</defaultID>
		<label>1036</label>
		<label2>Common Shortcut</label2>
		<icon>special://skin/backgrounds/Favourites2.jpg</icon>
		<thumb/>
		<action>ActivateWindow(Favourites)</action>
		<visible>Skin.HasSetting(BlackGlassMode)</visible>
	</shortcut>
	<shortcut>
		<defaultID>dvd</defaultID>
		<label>32032</label>
		<label2>Common Shortcut</label2>
		<icon>special://skin/backgrounds/Dvds.jpg</icon>
		<thumb/>
		<action>PlayDVD()</action>
		<visible>System.HasMediaDVD</visible>
	</shortcut>
	<shortcut>
		<defaultID>weather</defaultID>
		<label>12600</label>
		<label2>Common Shortcut</label2>
		<icon>$VAR[WeatherFanartPath]$INFO[Weather.fanartcode].jpg</icon>
		<thumb/>
		<action>ActivateWindow(Weather)</action>
		<disabled>True</disabled>
	</shortcut>
	<shortcut>
		<defaultID>settings</defaultID>
		<label>10004</label>
		<label2>Common Shortcut</label2>
		<icon>special://skin/backgrounds/Settings.jpg</icon>
		<thumb/>
		<action>ActivateWindow(Settings)</action>
	</shortcut>
	<shortcut>
		<defaultID>script.globalsearch</defaultID>
		<label>137</label>
		<label2>Program</label2>
		<icon>special://skin/backgrounds/Search.jpg</icon>
		<thumb/>
		<action>RunAddOn(script.globalsearch)</action>
		<visible>!Skin.HasSetting(plexbmc) + System.HasAddon(script.globalsearch)</visible>
	</shortcut>
	<shortcut>
		<defaultID>1114</defaultID>
		<label>13009</label>
		<label2>Common Shortcut</label2>
		<icon>special://skin/backgrounds/Quit.jpg</icon>
		<thumb/>
		<action>ActivateWindow(shutdownmenu)</action>
	</shortcut>
</shortcuts>