<?xml version="1.0" encoding="utf-8"?><shortcuts>
	<shortcut>
		<defaultID>359</defaultID>
		<label>359</label>
		<label2>Music</label2>
		<icon>DefaultShortcut.png</icon>
		<thumb/>
		<action>ActivateWindow(Music,RecentlyAddedAlbums,return)</action>
	</shortcut>
	<shortcut>
		<defaultID>517</defaultID>
		<label>517</label>
		<label2>Music</label2>
		<icon>DefaultShortcut.png</icon>
		<thumb/>
		<action>ActivateWindow(Music,RecentlyPlayedAlbums,return)</action>
	</shortcut>
	<shortcut>
		<defaultID>133</defaultID>
		<label>133</label>
		<label2>Music</label2>
		<icon>DefaultMusicArtists.png</icon>
		<thumb/>
		<action>ActivateWindow(Music,Artists,return)</action>
	</shortcut>
	<shortcut>
		<defaultID>132</defaultID>
		<label>132</label>
		<label2>Music</label2>
		<icon>DefaultMusicAlbums.png</icon>
		<thumb/>
		<action>ActivateWindow(Music,Albums,return)</action>
	</shortcut>
	<shortcut>
		<defaultID>134</defaultID>
		<label>134</label>
		<label2>Music</label2>
		<icon>DefaultMusicSongs.png</icon>
		<thumb/>
		<action>ActivateWindow(Music,Songs,return)</action>
	</shortcut>
	<shortcut>
		<defaultID>744</defaultID>
		<label>744</label>
		<label2>Music</label2>
		<icon>DefaultFolder.png</icon>
		<thumb/>
		<action>ActivateWindow(Music,Files,return)</action>
	</shortcut>
	<shortcut>
		<defaultID>15100</defaultID>
		<label>15100</label>
		<label2>Music</label2>
		<icon>DefaultFolder.png</icon>
		<thumb/>
		<action>ActivateWindow(Music,Music,return)</action>
	</shortcut>
	<shortcut>
		<defaultID>1038</defaultID>
		<label>1038</label>
		<label2>Music</label2>
		<icon>DefaultAddonMusic.png</icon>
		<thumb/>
		<action>ActivateWindow(Music,Addons,return)</action>
	</shortcut>
	<shortcut>
		<defaultID>136</defaultID>
		<label>136</label>
		<label2>Music</label2>
		<icon>DefaultShortcut.png</icon>
		<thumb/>
		<action>ActivateWindow(Music,Playlists,return)</action>
	</shortcut>
	<shortcut>
		<defaultID>10504</defaultID>
		<label>10504</label>
		<label2>Music</label2>
		<icon>DefaultShortcut.png</icon>
		<thumb/>
		<action>ActivateWindow(Music,Top100Songs,return)</action>
	</shortcut>
	<shortcut>
		<defaultID>32047</defaultID>
		<label>32047</label>
		<label2>XBMC Command</label2>
		<icon>DefaultShortcut.png</icon>
		<thumb/>
		<action>UpdateLibrary(music)</action>
	</shortcut>
	<shortcut>
		<defaultID>32056</defaultID>
		<label>32056</label>
		<label2>XBMC Command</label2>
		<icon>DefaultShortcut.png</icon>
		<thumb/>
		<action>CleanLibrary(music)</action>
	</shortcut>
</shortcuts>