<?xml version="1.0" encoding="UTF-8" standalone="yes"?>
<addon id="resource.actualizador" name="Actualizador" version="1.3" provider-name="iker">
  <requires>
    <import addon="xbmc.python" version="2.1.0"/>
  </requires>
  <extension point="xbmc.python.pluginsource" library="default.py">
        <provides>executable</provides>
  </extension>
  <extension point="xbmc.service" library="startup.py" start="startup" />
  <extension point="xbmc.addon.metadata">
    <summary lang="es">Comprobar actualizaciones Wizard Princess</summary>
	<news>[COLOR blue][B] Actualizacion 1.3  (26-08-2018)[/B][/COLOR]
Nueva zona kids, añadidos addons:
** festa kids **
** tvchopo kids ** </news>
    <description lang="en"></description>
	<disclaimer lang="en"></disclaimer>
    <platform>all</platform>
  </extension>
</addon>
