<?xml version="1.0" encoding="UTF-8"?>
<window type="dialog">
    <zorder>1</zorder>
    <defaultcontrol>9000</defaultcontrol>
    <include>DialogOpenClose</include>
    <controls>
        <include>DimBG</include>
        <control type="group">
            <include condition="Skin.HasSetting(BlackGlassMode)+!Skin.HasSetting(DisableSlidingAnimations)">OpenCloseSlideRight</include>
            <posy>-10</posy>
            <include content="WindowClosingButton">
                <param name="id" value="0"/>
                <param name="x" value="1867"/>
                <param name="y" value="80"/>
            </include>
            <control type="image">
                <posx>3</posx>
                <posy>84</posy>
                <width>1914</width>
                <height>1020</height>
                <texture border="90">common/bg_dialog.png</texture>
            </control>
            <control type="image">
                <posx>48</posx>
                <posy>159</posy>
                <width>1824</width>
                <height>79</height>
                <texture>list/bg_facade_nofocus_top.png</texture>
            </control>
            <control type="label">
                <posx>93</posx>
                <posy>121</posy>
                <height>100</height>
                <width>1734</width>
                <align>center</align>
                <font>InfoTitleFont</font>
                <textcolor>MainColor</textcolor>
                <label>$LOCALIZE[15020]</label>
            </control>
            <!--AVAILABLE MODES-->
            <control type="group">
                <posx>48</posx>
                <posy>238</posy>
                <control type="label">
                    <posx>0</posx>
                    <posy>-43</posy>
                    <height>40</height>
                    <width>695</width>
                    <align>center</align>
                    <font>InfoTitleSubFont</font>
                    <textcolor>AlternateColor</textcolor>
                    <label>$LOCALIZE[15050]</label>
                </control>
                <control type="list" id="20">
                    <posx>0</posx>
                    <posy>0</posy>
                    <width>695</width>
                    <height>781</height>
                    <onup>20</onup>
                    <ondown>20</ondown>
                    <onleft>20</onleft>
                    <onright>60</onright>
                    <pagecontrol>60</pagecontrol>
                    <itemlayout width="695" height="71">
                        <control type="image">
                            <posx>0</posx>
                            <posy>0</posy>
                            <height>71</height>
                            <width>695</width>
                            <texture border="3">list/bg_facade_nofocus.png</texture>
                        </control>
                        <control type="label">
                            <posx>30</posx>
                            <height>40</height>
                            <width>635</width>
                            <font>FacadeListMainFont</font>
                            <textcolor>ListNoFocusColor</textcolor>
                            <label>$INFO[ListItem.Label2]: $INFO[ListItem.Label]</label>
                            <scroll>false</scroll>
                        </control>
                        <control type="label">
                            <posx>30</posx>
                            <posy>37</posy>
                            <height>28</height>
                            <width>635</width>
                            <font>FacadeListSubFont</font>
                            <textcolor>SublistNoFocusColor</textcolor>
                            <label>$INFO[ListItem.Property(Description)]</label>
                            <scroll>false</scroll>
                        </control>
                    </itemlayout>
                    <focusedlayout width="695" height="71">
                        <control type="image">
                            <visible>control.hasfocus(20)</visible>
                            <posx>0</posx>
                            <posy>0</posy>
                            <height>71</height>
                            <width>695</width>
                            <include>FacadeFocus</include>
                        </control>
                        <control type="label">
                            <posx>30</posx>
                            <height>40</height>
                            <width>635</width>
                            <font>FacadeListMainFont</font>
                            <textcolor>ListFocusColor</textcolor>
                            <label>$INFO[ListItem.Label2]: $INFO[ListItem.Label]</label>
                        </control>
                        <control type="label">
                            <posx>30</posx>
                            <posy>37</posy>
                            <height>28</height>
                            <width>635</width>
                            <font>FacadeListSubFont</font>
                            <textcolor>SublistFocusColor</textcolor>
                            <label>$INFO[ListItem.Property(Description)]</label>
                        </control>
                    </focusedlayout>
                </control>
                <control type="scrollbar" id="60">
                    <posx>664</posx>
                    <posy>0</posy>
                    <height>781</height>
                    <include>VerticalScroller</include>
                    <onleft>20</onleft>
                    <onright>21</onright>
                </control>
            </control>
            <!--ACTIVE MODES-->
            <control type="group">
                <posx>744</posx>
                <posy>238</posy>
                <control type="image">
                    <posx>0</posx>
                    <posy>0</posy>
                    <width>2</width>
                    <height>815</height>
                    <texture>list/bg_facade_vertical.png</texture>
                </control>
                <control type="image">
                    <posx>0</posx>
                    <posy>0</posy>
                    <height>815</height>
                    <width>375</width>
                    <texture flipx="true">list/bg_strip_horizontal_left.png</texture>
                    <colordiffuse>90ffffff</colordiffuse>
                </control>
                <control type="label">
                    <posx>0</posx>
                    <posy>-43</posy>
                    <height>40</height>
                    <width>695</width>
                    <align>center</align>
                    <font>InfoTitleSubFont</font>
                    <textcolor>AlternateColor</textcolor>
                    <label>$LOCALIZE[15051]</label>
                </control>
                <control type="list" id="21">
                    <posx>0</posx>
                    <width>695</width>
                    <height>781</height>
                    <onup>21</onup>
                    <ondown>21</ondown>
                    <onleft>20</onleft>
                    <onright>61</onright>
                    <pagecontrol>61</pagecontrol>
                    <itemlayout width="695" height="71">
                        <control type="image">
                            <posx>0</posx>
                            <posy>0</posy>
                            <height>71</height>
                            <width>695</width>
                            <texture border="3">list/bg_facade_nofocus.png</texture>
                        </control>
                        <control type="label">
                            <posx>30</posx>
                            <height>40</height>
                            <width>635</width>
                            <font>FacadeListMainFont</font>
                            <textcolor>ListNoFocusColor</textcolor>
                            <label>$INFO[ListItem.Property(Number)] - $INFO[ListItem.Label2]: $INFO[ListItem.Label]</label>
                            <scroll>false</scroll>
                        </control>
                        <control type="label">
                            <posx>30</posx>
                            <posy>37</posy>
                            <height>28</height>
                            <width>635</width>
                            <font>FacadeListSubFont</font>
                            <textcolor>SublistNoFocusColor</textcolor>
                            <label>$INFO[ListItem.Property(Description)]</label>
                            <scroll>false</scroll>
                        </control>
                    </itemlayout>
                    <focusedlayout width="695" height="71">
                        <control type="image">
                            <visible>control.hasfocus(21)</visible>
                            <posx>0</posx>
                            <posy>0</posy>
                            <height>71</height>
                            <width>695</width>
                            <include>FacadeFocus</include>
                        </control>
                        <control type="label">
                            <posx>30</posx>
                            <height>40</height>
                            <width>635</width>
                            <font>FacadeListMainFont</font>
                            <textcolor>ListFocusColor</textcolor>
                            <label>$INFO[ListItem.Property(Number)] - $INFO[ListItem.Label2]: $INFO[ListItem.Label]</label>
                        </control>
                        <control type="label">
                            <posx>30</posx>
                            <posy>37</posy>
                            <height>28</height>
                            <width>635</width>
                            <font>FacadeListSubFont</font>
                            <textcolor>SublistFocusColor</textcolor>
                            <label>$INFO[ListItem.Property(Description)]</label>
                        </control>
                    </focusedlayout>
                </control>
                <control type="scrollbar" id="61">
                    <posx>664</posx>
                    <posy>0</posy>
                    <height>781</height>
                    <include>VerticalScroller</include>
                    <onleft>21</onleft>
                    <onright>9000</onright>
                </control>
            </control>
            <!-- SIDE MENU -->
            <control type="group">
                <posx>1439</posx>
                <posy>238</posy>
                <control type="image">
                    <posx>0</posx>
                    <posy>0</posy>
                    <width>2</width>
                    <height>815</height>
                    <texture>list/bg_facade_vertical.png</texture>
                </control>
                <control type="image">
                    <posx>0</posx>
                    <posy>0</posy>
                    <height>815</height>
                    <width>375</width>
                    <texture flipx="true">list/bg_strip_horizontal_left.png</texture>
                    <colordiffuse>90ffffff</colordiffuse>
                </control>
                <!--GROUPS-->
                <control type="label">
                    <posx>0</posx>
                    <posy>-43</posy>
                    <height>40</height>
                    <width>433</width>
                    <align>center</align>
                    <font>InfoTitleSubFont</font>
                    <textcolor>AlternateColor</textcolor>
                    <label>$LOCALIZE[564]</label>
                </control>
                <control type="list" id="9000">
                    <posx>0</posx>
                    <posy>0</posy>
                    <width>433</width>
                    <height>213</height>
                    <onup>9000</onup>
                    <ondown>9001</ondown>
                    <onleft>21</onleft>
                    <onright>9060</onright>
                    <pagecontrol>9060</pagecontrol>
                    <itemlayout width="433" height="71">
                        <control type="image">
                            <posx>0</posx>
                            <posy>0</posy>
                            <height>71</height>
                            <width>433</width>
                            <texture border="3">list/bg_facade_nofocus.png</texture>
                        </control>
                        <control type="label">
                            <posx>TextMargin</posx>
                            <height>69</height>
                            <width>343</width>
                            <font>FacadeListMainFont</font>
                            <textcolor>ListNoFocusColor</textcolor>
                            <label>$INFO[ListItem.Label]</label>
                            <scroll>false</scroll>
                        </control>
                    </itemlayout>
                    <focusedlayout width="433" height="71">
                        <control type="image">
                            <posx>0</posx>
                            <posy>0</posy>
                            <height>71</height>
                            <width>433</width>
                            <include>FacadeFocus</include>
                        </control>
                        <control type="label">
                            <posx>TextMargin</posx>
                            <height>69</height>
                            <width>343</width>
                            <font>FacadeListMainFont</font>
                            <textcolor>ListFocusColor</textcolor>
                            <label>$INFO[ListItem.Label]</label>
                        </control>
                    </focusedlayout>
                </control>
                <control type="scrollbar" id="9060">
                    <posx>402</posx>
                    <posy>0</posy>
                    <height>213</height>
                    <include>VerticalScroller</include>
                    <onleft>9000</onleft>
                    <onright>9060</onright>
                    <ondown>9060</ondown>
                    <onup>9060</onup>
                </control>
                <control type="textbox">
                    <posx>TextMargin</posx>
                    <posy>240</posy>
                    <width>343</width>
                    <height>290</height>
                    <font>NotificationFont</font>
                    <textcolor>MainColor</textcolor>
                    <label>$INFO[Container(9000).ListItem.Label2]</label>
                </control>
                <control type="image">
                    <posx>0</posx>
                    <posy>489</posy>
                    <width>433</width>
                    <height>79</height>
                    <texture>list/bg_facade_nofocus_top.png</texture>
                </control>
                <control type="grouplist" id="9001">
                    <posx>0</posx>
                    <posy>568</posy>
                    <width>433</width>
                    <height>213</height>
                    <itemgap>0</itemgap>
                    <onup>9000</onup>
                    <ondown>9001</ondown>
                    <onleft>21</onleft>
                    <onright>9001</onright>
                    <control type="radiobutton" id="22">
                        <description>Default RadioButton</description>
                        <label>15064</label>
                        <radioposx>332</radioposx>
                        <textwidth>272</textwidth>
                        <width>433</width>
                        <include>LeftMenuButton</include>
                    </control>
                    <control type="button" id="23">
                        <description>Apply changes button</description>
                        <label>14070</label>
                        <width>433</width>
                        <include>LeftMenuButton</include>
                    </control>
                    <control type="button" id="24">
                        <description>Clear active modes button</description>
                        <label>15066</label>
                        <width>433</width>
                        <include>LeftMenuButton</include>
                    </control>
                </control>
            </control>
        </control>
    </controls>
</window>
