<?xml version="1.0" encoding="utf-8"?>
<window>
    <defaultcontrol always="true">9001</defaultcontrol>
    <include>DialogOpenClose</include>
    <controls>
        <include>DimBG</include>
        <control type="group">
            <include condition="Skin.HasSetting(BlackGlassMode)+!Skin.HasSetting(DisableSlidingAnimations)">OpenCloseSlideRight</include>
            <posy>-219</posy>
            <include content="WindowClosingButton">
                <param name="id" value="0"/>
                <param name="x" value="1737"/>
                <param name="y" value="240"/>
            </include>
            <control type="image">
                <posx>133</posx>
                <posy>244</posy>
                <width>1654</width>
                <height>1029</height>
                <texture border="90">common/bg_dialog.png</texture>
            </control>
            <control type="image">
                <posx>178</posx>
                <posy>292</posy>
                <width>1564</width>
                <height>90</height>
                <texture border="3">list/bg_facade_nofocus_top.png</texture>
            </control>
            <control type="label">
                <posx>223</posx>
                <posy>323</posy>
                <height>36</height>
                <width>1474</width>
                <align>center</align>
                <font>InfoTitleFont</font>
                <textcolor>MainColor</textcolor>
                <label>$INFO[ListItem.AddonName,$LOCALIZE[24003] - ]</label>
            </control>
            <control type="image">
                <posx>1309</posx>
                <posy>382</posy>
                <width>2</width>
                <height>841</height>
                <texture>list/bg_facade_vertical.png</texture>
            </control>
            <control type="image">
                <posx>1309</posx>
                <posy>382</posy>
                <height>841</height>
                <width>375</width>
                <texture flipx="true">list/bg_strip_horizontal_left.png</texture>
                <colordiffuse>90ffffff</colordiffuse>
            </control>
            <control type="grouplist" id="9001">
                <posx>1309</posx>
                <posy>382</posy>
                <width>433</width>
                <height>438</height>
                <itemgap>0</itemgap>
                <orientation>vertical</orientation>
                <onleft>6060</onleft>
                <onright>60</onright>
                <onup>9001</onup>
                <ondown>9001</ondown>
                <pagecontrol>60</pagecontrol>
                <scrolltime>200</scrolltime>
                <control type="button" id="9">
                    <label>$LOCALIZE[5]</label>
                    <width>433</width>
                    <height>73</height>
                    <include>LeftMenuButton</include>
                    <onleft>8060</onleft>
                </control>
                <control type="button" id="8">
                    <label>$LOCALIZE[24069]</label>
                    <width>433</width>
                    <height>73</height>
                    <include>LeftMenuButton</include>
                    <onleft>8060</onleft>
                </control>
                <control type="button" id="100">
                    <label>$LOCALIZE[24036]</label>
                    <include>LeftMenuButton</include>
                    <onleft>8070</onleft>
                </control>
                <control type="button" id="705">
                    <visible>Integer.IsGreater(Container(50).NumItems,0)</visible>
                    <label>$LOCALIZE[20008]</label>
                    <include>LeftMenuButton</include>
                    <onleft>50</onleft>
                </control>
                <control type="button" id="7">
                    <label>$LOCALIZE[24021]</label>
                    <width>433</width>
                    <height>73</height>
                    <include>LeftMenuButton</include>
                    <onleft>8060</onleft>
                </control>
                <control type="button" id="6">
                    <label>$LOCALIZE[24022]</label>
                    <width>433</width>
                    <height>73</height>
                    <include>LeftMenuButton</include>
                    <onleft>8060</onleft>
                </control>
                <control type="button" id="10">
                    <label>$LOCALIZE[39024]</label>
                    <width>433</width>
                    <height>73</height>
                    <include>LeftMenuButton</include>
                    <onleft>8060</onleft>
                </control>
                <control type="radiobutton" id="13">
                    <visible>Control.IsEnabled(13)</visible>
                    <description>Auto-update button</description>
                    <label>$LOCALIZE[21340]</label>
                    <radioposx>350</radioposx>
                    <textwidth>300</textwidth>
                    <width>433</width>
                    <height>73</height>
                    <include>LeftMenuButton</include>
                    <onleft>8060</onleft>
                </control>
                <control type="button" id="12">
                    <label>$LOCALIZE[518]</label>
                    <width>433</width>
                    <height>73</height>
                    <include>LeftMenuButton</include>
                    <onleft>8060</onleft>
                </control>
            </control>
            <control type="scrollbar" id="60">
                <posx>1711</posx>
                <posy>382</posy>
                <height>438</height>
                <include>VerticalScroller</include>
                <onleft>9001</onleft>
                <onright>9001</onright>
            </control>
            <control type="image">
                <posx>1342</posx>
                <posy>838</posy>
                <width>370</width>
                <height>370</height>
                <include>SquareThumb</include>
                <include>ThumbBorder</include>
            </control>
            <control type="group">
                <visible>![Control.HasFocus(100)|
                    Control.HasFocus(705)|
                    ControlGroup(1000).HasFocus|
                    ControlGroup(7050).HasFocus]</visible>
                <include>VisibleFadeEffect</include>
                <posx>0</posx>
                <posy>382</posy>
                <control type="image">
                    <posx>178</posx>
                    <posy>-6</posy>
                    <width>1131</width>
                    <height>79</height>
                    <texture>list/bg_facade_nofocus_top.png</texture>
                </control>
                <control type="label">
                    <posx>228</posx>
                    <posy>0</posy>
                    <width>1041</width>
                    <height>71</height>
                    <label>$LOCALIZE[146] $INFO[ListItem.AddonType]</label>
                    <font>InfoDetailsFont</font>
                    <textcolor>MainColor</textcolor>
                </control>
                <control type="image">
                    <posx>178</posx>
                    <posy>67</posy>
                    <width>1131</width>
                    <height>79</height>
                    <texture>list/bg_facade_nofocus_top.png</texture>
                </control>
                <control type="label">
                    <posx>228</posx>
                    <posy>73</posy>
                    <width>1041</width>
                    <height>71</height>
                    <label>$LOCALIZE[21863]: $INFO[ListItem.AddonCreator]</label>
                    <font>InfoDetailsFont</font>
                    <textcolor>AlternateColor</textcolor>
                </control>
                <control type="image">
                    <posx>178</posx>
                    <posy>140</posy>
                    <width>1131</width>
                    <height>79</height>
                    <texture>list/bg_facade_nofocus_top.png</texture>
                </control>
                <control type="label">
                    <posx>228</posx>
                    <posy>146</posy>
                    <width>1041</width>
                    <height>71</height>
                    <label>$LOCALIZE[24051] $INFO[ListItem.AddonVersion]</label>
                    <font>InfoDetailsFont</font>
                    <textcolor>MainColor</textcolor>
                </control>
                <control type="image">
                    <posx>178</posx>
                    <posy>213</posy>
                    <width>1131</width>
                    <height>79</height>
                    <texture>list/bg_facade_nofocus_top.png</texture>
                </control>
                <control type="fadelabel">
                    <posx>228</posx>
                    <posy>219</posy>
                    <width>1041</width>
                    <height>71</height>
                    <label>$LOCALIZE[20037]: $INFO[ListItem.AddonSummary]</label>
                    <font>InfoDetailsFont</font>
                    <textcolor>AlternateColor</textcolor>
                    <scrollout>false</scrollout>
                    <pauseatend>2000</pauseatend>
                </control>
                <control type="textbox">
                    <posx>228</posx>
                    <posy>300</posy>
                    <width>1041</width>
                    <height>440</height>
                    <font>InfoPlotFont</font>
                    <align>justify</align>
                    <label>$INFO[ListItem.AddonDescription]</label>
                    <pagecontrol>6060</pagecontrol>
                </control>
                <control type="scrollbar" id="6060">
                    <visible>Skin.HasSetting(ManualScroll)</visible>
                    <posx>1275</posx>
                    <posy>300</posy>
                    <height>440</height>
                    <include>VerticalScroller</include>
                    <onleft>9001</onleft>
                    <onright>9001</onright>
                </control>
                <control type="image">
                    <posx>178</posx>
                    <posy>689</posy>
                    <width>1131</width>
                    <height>79</height>
                    <texture>list/bg_facade_nofocus_top.png</texture>
                </control>
                <control type="label">
                    <visible>String.IsEmpty(ListItem.AddonBroken)</visible>
                    <posx>228</posx>
                    <posy>768</posy>
                    <width>1041</width>
                    <height>71</height>
                    <font>InfoDetailsFont</font>
                    <label>$INFO[ListItem.AddonDisclaimer,[COLOR=WarningColor]$LOCALIZE[24052]: [/COLOR]]</label>
                </control>
                <control type="label">
                    <visible>!String.IsEmpty(ListItem.AddonBroken)</visible>
                    <posx>228</posx>
                    <posy>768</posy>
                    <width>1041</width>
                    <height>71</height>
                    <font>InfoDetailsFont</font>
                    <label>$INFO[ListItem.AddonBroken,[COLOR=WarningColor]$LOCALIZE[24096]: [/COLOR]]</label>
                </control>
            </control>
            <!-- CHANGELOG -->
            <control type="group" id="1000">
                <visible>Control.HasFocus(100)|ControlGroup(1000).HasFocus</visible>
                <include>VisibleFadeEffect</include>
                <posx>178</posx>
                <posy>382</posy>
                <control type="textbox">
                    <align>justify</align>
                    <posx>TextMargin</posx>
                    <posy>20</posy>
                    <height>800</height>
                    <width>1041</width>
                    <font>InfoPlotFont</font>
                    <textcolor>MainColor</textcolor>
                    <label fallback="416">$INFO[ListItem.AddonNews]</label>
                    <pagecontrol>8070</pagecontrol>
                </control>
                <control type="scrollbar" id="8070">
                    <visible>Skin.HasSetting(ManualScroll)</visible>
                    <posx>1100</posx>
                    <posy>0</posy>
                    <height>840</height>
                    <include>VerticalScroller</include>
                    <onleft>8070</onleft>
                    <onright>9001</onright>
                </control>
            </control>
            <!--SCREENSHOTS-->
            <control type="group" id="7050">
                <visible>control.hasfocus(705)|ControlGroup(7050).HasFocus</visible>
                <visible>Integer.IsGreater(Container(50).NumItems,0)</visible>
                <include>VisibleFadeEffectDelay</include>
                <posx>178</posx>
                <posy>382</posy>
                <control type="panel" id="50">
                    <posx>10</posx>
                    <posy>0</posy>
                    <width>1131</width>
                    <height>840</height>
                    <onright>756</onright>
                    <preloaditems>4</preloaditems>
                    <pagecontrol>756</pagecontrol>
                    <itemlayout height="333" width="550">
                        <control type="image">
                            <posx>0</posx>
                            <posy>0</posy>
                            <width>550</width>
                            <height>333</height>
                            <texture fallback="defaultPictureBig.png">$INFO[ListItem.Icon]</texture>
                            <aspectratio aligny="top" scalediffuse="false">scale</aspectratio>
                            <include>ThumbBorder</include>
                        </control>
                    </itemlayout>
                    <focusedlayout height="333" width="550">
                        <control type="group">
                            <include>ListFocusAnimation</include>
                            <control type="image">
                                <posx>0</posx>
                                <posy>0</posy>
                                <width>550</width>
                                <height>333</height>
                                <texture fallback="defaultPictureBig.png">$INFO[ListItem.Icon]</texture>
                                <aspectratio aligny="top" scalediffuse="false">scale</aspectratio>
                                <include>ThumbBorderOverlay</include>
                            </control>
                        </control>
                    </focusedlayout>
                </control>
                <control type="scrollbar" id="756">
                    <posx>1100</posx>
                    <posy>0</posy>
                    <height>840</height>
                    <include>VerticalScroller</include>
                    <onleft>50</onleft>
                    <onright>9001</onright>
                </control>
            </control>
        </control>
    </controls>
</window>
