<?xml version="1.0" encoding="utf-8"?>
<includes>
    <include name="Horizontal_HomeSubMenu">
        <animation effect="fade" time="200" start="100" end="50" reversible="true" condition="!$EXP[HomeSubMenuHasFocus]">Conditional</animation>
        <posx>0</posx>
        <posy>870</posy>
        <height>50</height>
        <width>1920</width>
        <onleft>9001</onleft>
        <onright>9001</onright>
        <ondown>9001</ondown>
        <orientation>horizontal</orientation>
        <onup>300</onup>
        <onback>SetFocus(300)</onback>
        <ondown>700</ondown>
        <itemlayout width="640" height="50">
            <control type="label">
                <posx>20</posx>
                <posy>0</posy>
                <height>50</height>
                <width>600</width>
                <align>center</align>
                <aligny>center</aligny>
                <font>SmallButtonFont</font>
                <scroll>false</scroll>
                <label>$INFO[ListItem.Label]</label>
                <textcolor>ListNoFocusColor</textcolor>
            </control>
        </itemlayout>
        <focusedlayout width="640" height="50">
            <control type="group">
                <include>ListFocusAnimation</include>
                <control type="label">
                    <visible>!$EXP[HomeSubMenuHasFocus]</visible>
                    <animation effect="fade" time="200" start="0" end="100" reversible="true">Visible</animation>
                    <posx>20</posx>
                    <posy>0</posy>
                    <height>50</height>
                    <width>600</width>
                    <align>center</align>
                    <aligny>center</aligny>
                    <font>SmallButtonFont</font>
                    <label>$INFO[ListItem.Label]</label>
                    <textcolor>ListNoFocusColor</textcolor>
                </control>
                <control type="label">
                    <visible>$EXP[HomeSubMenuHasFocus]</visible>
                    <animation effect="fade" time="200" start="0" end="100" reversible="true">Visible</animation>
                    <posx>20</posx>
                    <posy>0</posy>
                    <height>50</height>
                    <width>600</width>
                    <align>center</align>
                    <aligny>center</aligny>
                    <font>SmallButtonFont</font>
                    <label>[B]$INFO[ListItem.Label][/B]</label>
                    <textcolor>ListFocusColor</textcolor>
                </control>
            </control>
        </focusedlayout>
        <content>
            <include condition="Skin.HasSetting(plexbmc)+System.HasAddon(plugin.video.plexbmc)">Plexbmc.Submenu.Items</include>
            <include>skinshortcuts-submenu</include>
        </content>
    </include>
    <include name="Horizontal_Fixed_HomeSubMenu">
        <control type="fixedlist" id="9001">
            <focusposition>1</focusposition>
            <movement>0</movement>
            <include>Horizontal_HomeSubMenu</include>
        </control>
    </include>
    <include name="Horizontal_Wrapped_HomeSubMenu">
        <control type="wraplist" id="9001">
            <focusposition>1</focusposition>
            <movement>0</movement>
            <include>Horizontal_HomeSubMenu</include>
        </control>
    </include>
    <include name="Horizontal_HomeMenu">
        <animation effect="fade" time="200" start="100" end="75" reversible="true" condition="!$EXP[HomeMainMenuHasFocus]">Conditional</animation>
        <posx>0</posx>
        <posy>539</posy>
        <width>1950</width>
        <height>350</height>
        <onleft>300</onleft>
        <onright>300</onright>
        <ondown>9001</ondown>
        <onup condition="$EXP[HomeWidgetCollectionIsVisible]">7010</onup>
        <onup>9900</onup>
        <pagecontrol></pagecontrol>
        <preloaditems>4</preloaditems>
        <scrolltime tween="sine" easing="out">300</scrolltime>
        <orientation>horizontal</orientation>
        <itemlayout height="262" width="381">
            <control type="image">
                <posx>11</posx>
                <posy>9</posy>
                <width>359</width>
                <height>225</height>
                <texture background="true" fallback="special://skin/backgrounds/default/default.jpg">$INFO[ListItem.Icon]</texture>
                <aspectratio scalediffuse="false" aligny="bottom">keep</aspectratio>
                <include>ThumbBorder</include>
                <colordiffuse>UnfocusedIconColor</colordiffuse>
                <fadetime>0</fadetime>
            </control>
            <control type="image">
                <animation effect="rotate" start="0" end="180" center="190,224" reversible="false" condition="true">Conditional</animation>
                <posx>11</posx>
                <posy>9</posy>
                <width>359</width>
                <height>225</height>
                <aspectratio scalediffuse="false" aligny="bottom">keep</aspectratio>
                <texture flipx="true" background="true" diffuse="common/Thumb_Mask.png" fallback="defaultIconBig.png">$INFO[ListItem.Icon]</texture>
                <bordertexture diffuse="common/Thumb_Mask.png" border="27">common/JewelCase.png</bordertexture>
                <bordersize>27</bordersize>
            </control>
        </itemlayout>
        <focusedlayout height="262" width="396">
            <control type="group">
                <include>ListFocusAnimation</include>
                <control type="image">
                    <posx>3</posx>
                    <posy>0</posy>
                    <width>390</width>
                    <height>243</height>
                    <aspectratio scalediffuse="false" aligny="bottom">keep</aspectratio>
                    <texture background="true" fallback="special://skin/backgrounds/default/default.jpg">$INFO[ListItem.Icon]</texture>
                    <include>ThumbBorderOverlay</include>
                    <fadetime>0</fadetime>
                </control>
                <control type="image">
                    <animation effect="rotate" start="0" end="180" center="198,233" reversible="false" condition="true">Conditional</animation>
                    <posx>3</posx>
                    <posy>0</posy>
                    <width>390</width>
                    <height>243</height>
                    <aspectratio scalediffuse="false" aligny="bottom">keep</aspectratio>
                    <texture flipx="true" background="true" diffuse="common/Thumb_Mask.png" fallback="defaultIconBig.png">$INFO[ListItem.Icon]</texture>
                    <include>ThumbBorderOverlayDiffused</include>
                </control>
            </control>
        </focusedlayout>
        <content>
            <include condition="Skin.HasSetting(plexbmc)+System.HasAddon(plugin.video.plexbmc)">Plexbmc.Items</include>
            <include>skinshortcuts-mainmenu</include>
        </content>
    </include>
    <include name="Horizontal_Fixed_HomeMenu">
        <control type="fixedlist" id="300">
            <movement>0</movement>
            <focusposition>2</focusposition>
            <include>Horizontal_HomeMenu</include>
        </control>
    </include>
    <include name="Horizontal_Wrapped_HomeMenu">
        <control type="wraplist" id="300">
            <movement>0</movement>
            <focusposition>2</focusposition>
            <include>Horizontal_HomeMenu</include>
        </control>
    </include>
    <include name="Horizontal_Home_Layout">
        <control type="image">
            <animation effect="slide" start="0,0" end="0,-160" time="175" condition="$EXP[HomeWidgetCollectionIsVisible]+!$EXP[HomeWidgetCollectionHasFocus]+[$EXP[HomeMainMenuHasFocus]|$EXP[HomeSubMenuHasFocus]|$EXP[TopBarHasFocus]]">conditional</animation>
            <posx>-200</posx>
            <posy>633</posy>
            <width>2320</width>
            <height>467</height>
            <texture>common/HomeGradient.png</texture>
        </control>
        <control type="image">
            <posx>-200</posx>
            <posy>840</posy>
            <width>2320</width>
            <height>467</height>
            <texture>common/BlackDot.png</texture>
        </control>
        <include>WidgetsCollection</include>
        <control type="group">
            <animation effect="slide" tween="circle" time="200" start="0,0" end="0,400" reversible="true" condition="[$EXP[HomeWidgetCollectionHasFocus]|$EXP[HomeWidgetSelectorHasFocus]]">Conditional</animation>
            <control type="group">
                <visible>system.getbool(lookandfeel.enablerssfeeds)</visible>
                <control type="image">
                    <posx>0</posx>
                    <posy>1038</posy>
                    <width>1920</width>
                    <height>44</height>
                    <texture>common/BlackDot.png</texture>
                </control>
                <control type="image">
                    <posx>0</posx>
                    <posy>966</posy>
                    <width>1920</width>
                    <height>73</height>
                    <texture border="3">list/bg_facade_nofocus_top.png</texture>
                </control>
                <control type="image">
                    <posx>0</posx>
                    <posy>1040</posy>
                    <width>1920</width>
                    <height>41</height>
                    <texture border="3">list/bg_facade_focus_white.png</texture>
                </control>
                <control type="rss">
                    <posx>0</posx>
                    <posy>1045</posy>
                    <width>1920</width>
                    <height>40</height>
                    <font>rss</font>
                    <urlset>1</urlset>
                    <font>WindowTitleSubFont</font>
                    <shadowcolor>ShadowColor</shadowcolor>
                    <titlecolor>MainColor</titlecolor>
                    <headlinecolor>AlternateColor</headlinecolor>
                    <textcolor>AlternateColor</textcolor>
                </control>
            </control>
            <control type="image">
                <visible>$EXP[HomeWidgetCollectionIsVisible]</visible>
                <animation effect="slide" tween="circle" start="0,0" end="0,-334" time="100" condition="$EXP[HomeWidgetCollectionIsVisible]">conditional</animation>
                <include>VisibleFadeEffect</include>
                <posx>0</posx>
                <posy>909</posy>
                <width>1920</width>
                <height>73</height>
                <texture border="3">list/bg_facade_nofocus_top.png</texture>
            </control>
            <control type="image">
                <visible>Integer.IsGreater(Container(9001).NumItems,0)</visible>
                <include>VisibleFadeEffect</include>
                <posx>0</posx>
                <posy>909</posy>
                <width>1920</width>
                <height>73</height>
                <texture border="3">list/bg_facade_nofocus_top.png</texture>
            </control>
            <control type="group">
                <posy>115</posy>
                <include condition="Skin.HasSetting(Fixed_HomeMenu)">Horizontal_Fixed_HomeMenu</include>
                <include condition="!Skin.HasSetting(Fixed_HomeMenu)">Horizontal_Wrapped_HomeMenu</include>

                <control type="button" id="301">
                    <posx>0</posx>
                    <posy>539</posy>
                    <width>768</width>
                    <height>350</height>
                    <include>HiddenButton</include>
                    <onclick>Control.Move(300,-1)</onclick>
                </control>
                <control type="button" id="302">
                    <posx>1155</posx>
                    <posy>539</posy>
                    <width>768</width>
                    <height>350</height>
                    <include>HiddenButton</include>
                    <onclick>Control.Move(300,1)</onclick>
                </control>
                <control type="label">
                    <posx>0</posx>
                    <posy>773</posy>
                    <width>1920</width>
                    <height>100</height>
                    <align>center</align>
                    <font>HomeItemFont</font>
                    <textcolor>MainColor</textcolor>
                    <label>$INFO[Container(300).ListItem.Label]</label>
                </control>
                <control type="button" id="9004">
                    <posx>0</posx>
                    <posy>845</posy>
                    <width>1920</width>
                    <height>150</height>
                    <include>HiddenButton</include>
                </control>
                <include condition="Skin.HasSetting(Fixed_HomeMenu)">Horizontal_Fixed_HomeSubMenu</include>
                <include condition="!Skin.HasSetting(Fixed_HomeMenu)">Horizontal_Wrapped_HomeSubMenu</include>
                <control type="button" id="9002">
                    <posx>0</posx>
                    <posy>845</posy>
                    <width>650</width>
                    <height>150</height>
                    <include>HiddenButton</include>
                    <onclick>Control.Move(9001,-1)</onclick>
                </control>
                <control type="button" id="9003">
                    <posx>1270</posx>
                    <posy>845</posy>
                    <width>650</width>
                    <height>150</height>
                    <include>HiddenButton</include>
                    <onclick>Control.Move(9001,1)</onclick>
                </control>
                <control type="fixedlist" id="701">
                    <animation effect="fade" time="200" start="100" end="50" reversible="true" condition="!$EXP[HomeWidgetSelectorHasFocus]">Conditional</animation>
                    <posx>0</posx>
                    <posy>475</posy>
                    <height>50</height>
                    <width>1920</width>
                    <itemgap>0</itemgap>
                    <align>center</align>
                    <onup condition="Skin.HasSetting(plexbmc)+Container(701).HasFocus(212)">212</onup>
                    <onup condition="Skin.HasSetting(plexbmc)+Container(701).HasFocus(311)">311</onup>
                    <onup condition="Skin.HasSetting(plexbmc)+Container(701).HasFocus(411)">411</onup>
                    <onup condition="Skin.HasSetting(plexbmc)+Container(701).HasFocus(511)">511</onup>
                    <onup condition="Skin.HasSetting(plexbmc)+Container(701).HasFocus(900)">900</onup>
                    <onup condition="Skin.HasSetting(plexbmc)+Container(701).HasFocus(901)">901</onup>
                    <onup condition="Skin.HasSetting(plexbmc)+Container(701).HasFocus(312)">312</onup>
                    <onup condition="Skin.HasSetting(plexbmc)+Container(701).HasFocus(412)">412</onup>
                    <onup condition="Skin.HasSetting(plexbmc)+Container(413).HasFocus(413)">413</onup>
                    <onup condition="Skin.HasSetting(plexbmc)+Container(701).HasFocus(411)">411</onup>
                    <onup condition="control.isvisible(700011)+Container(701).HasFocus(700011)">700011</onup>
                    <onup condition="control.isvisible(700012)+Container(701).HasFocus(700012)">700012</onup>
                    <onup condition="control.isvisible(700013)+Container(701).HasFocus(700013)">700013</onup>
                    <onup condition="control.isvisible(700014)+Container(701).HasFocus(700014)">700014</onup>
                    <onup condition="control.isvisible(700015)+Container(701).HasFocus(700015)">700015</onup>
                    <onup condition="control.isvisible(700016)+Container(701).HasFocus(700016)">700016</onup>
                    <onup condition="control.isvisible(700017)+Container(701).HasFocus(700017)">700017</onup>
                    <onup condition="control.isvisible(700018)+Container(701).HasFocus(700018)">700018</onup>
                    <onup condition="control.isvisible(700019)+Container(701).HasFocus(700019)">700019</onup>
                    <onup condition="control.isvisible(7000110)+Container(701).HasFocus(7000110)">7000110</onup>
                    <onup condition="control.isvisible(7000111)+Container(701).HasFocus(7000111)">7000111</onup>
                    <onup condition="control.isvisible(7000112)+Container(701).HasFocus(7000112)">7000112</onup>
                    <onup condition="control.isvisible(7000113)+Container(701).HasFocus(7000113)">7000113</onup>
                    <onup condition="control.isvisible(7000114)+Container(701).HasFocus(7000114)">7000114</onup>
                    <onup condition="control.isvisible(7000115)+Container(701).HasFocus(7000115)">7000115</onup>
                    <onup condition="control.isvisible(7000116)+Container(701).HasFocus(7000116)">7000116</onup>
                    <onup condition="control.isvisible(7000117)+Container(701).HasFocus(7000117)">7000117</onup>
                    <onup condition="control.isvisible(7000118)+Container(701).HasFocus(7000118)">7000118</onup>
                    <onup condition="control.isvisible(7000119)+Container(701).HasFocus(7000119)">7000119</onup>
                    <onup condition="control.isvisible(7000120)+Container(701).HasFocus(7000120)">7000120</onup>
                    <onup condition="control.isvisible(7000121)+Container(701).HasFocus(7000121)">7000121</onup>
                    <onup condition="control.isvisible(7000122)+Container(701).HasFocus(7000122)">7000122</onup>
                    <onup condition="control.isvisible(7000123)+Container(701).HasFocus(7000123)">7000123</onup>
                    <onup condition="control.isvisible(7000124)+Container(701).HasFocus(7000124)">7000124</onup>
                    <onup condition="control.isvisible(7000125)+Container(701).HasFocus(7000125)">7000125</onup>
                    <onup condition="control.isvisible(7000126)+Container(701).HasFocus(7000126)">7000126</onup>
                    <onup condition="control.isvisible(7000127)+Container(701).HasFocus(7000127)">7000127</onup>
                    <onup condition="control.isvisible(7000128)+Container(701).HasFocus(7000128)">7000128</onup>
                    <onup condition="control.isvisible(7000129)+Container(701).HasFocus(7000129)">7000129</onup>
                    <onup condition="control.isvisible(7000130)+Container(701).HasFocus(7000130)">7000130</onup>
                    <onup condition="control.isvisible(7000131)+Container(701).HasFocus(7000131)">7000131</onup>
                    <onup condition="control.isvisible(7000132)+Container(701).HasFocus(7000132)">7000132</onup>
                    <onup condition="control.isvisible(7000133)+Container(701).HasFocus(7000133)">7000133</onup>
                    <onup condition="control.isvisible(7000134)+Container(701).HasFocus(7000134)">7000134</onup>
                    <onup condition="control.isvisible(7000135)+Container(701).HasFocus(7000135)">7000135</onup>
                    <onup condition="control.isvisible(7000136)+Container(701).HasFocus(7000136)">7000136</onup>
                    <onup condition="control.isvisible(7000137)+Container(701).HasFocus(7000137)">7000137</onup>
                    <onup condition="control.isvisible(7000138)+Container(701).HasFocus(7000138)">7000138</onup>
                    <onup condition="control.isvisible(7000139)+Container(701).HasFocus(7000139)">7000139</onup>
                    <onup condition="control.isvisible(7000140)+Container(701).HasFocus(7000140)">7000140</onup>
                    <onup condition="control.isvisible(7000141)+Container(701).HasFocus(7000141)">7000141</onup>
                    <onup condition="control.isvisible(7000142)+Container(701).HasFocus(7000142)">7000142</onup>
                    <onup condition="control.isvisible(7000143)+Container(701).HasFocus(7000143)">7000143</onup>
                    <onup condition="control.isvisible(7000144)+Container(701).HasFocus(7000144)">7000144</onup>
                    <onup condition="control.isvisible(7000145)+Container(701).HasFocus(7000145)">7000145</onup>
                    <onup condition="control.isvisible(7000146)+Container(701).HasFocus(7000146)">7000146</onup>
                    <onup condition="control.isvisible(7000147)+Container(701).HasFocus(7000147)">7000147</onup>
                    <onup condition="control.isvisible(7000148)+Container(701).HasFocus(7000148)">7000148</onup>
                    <onup condition="control.isvisible(7000149)+Container(701).HasFocus(7000149)">7000149</onup>
                    <onup condition="control.isvisible(700021)+Container(701).HasFocus(700021)">700021</onup>
                    <onup condition="control.isvisible(700022)+Container(701).HasFocus(700022)">700022</onup>
                    <onup condition="control.isvisible(700023)+Container(701).HasFocus(700023)">700023</onup>
                    <onup condition="control.isvisible(700024)+Container(701).HasFocus(700024)">700024</onup>
                    <onup condition="control.isvisible(700025)+Container(701).HasFocus(700025)">700025</onup>
                    <onup condition="control.isvisible(700026)+Container(701).HasFocus(700026)">700026</onup>
                    <onup condition="control.isvisible(700027)+Container(701).HasFocus(700027)">700027</onup>
                    <onup condition="control.isvisible(700028)+Container(701).HasFocus(700028)">700028</onup>
                    <onup condition="control.isvisible(700029)+Container(701).HasFocus(700029)">700029</onup>
                    <onup condition="control.isvisible(7000210)+Container(701).HasFocus(7000210)">7000210</onup>
                    <onup condition="control.isvisible(7000211)+Container(701).HasFocus(7000211)">7000211</onup>
                    <onup condition="control.isvisible(7000212)+Container(701).HasFocus(7000212)">7000212</onup>
                    <onup condition="control.isvisible(7000213)+Container(701).HasFocus(7000213)">7000213</onup>
                    <onup condition="control.isvisible(7000214)+Container(701).HasFocus(7000214)">7000214</onup>
                    <onup condition="control.isvisible(7000215)+Container(701).HasFocus(7000215)">7000215</onup>
                    <onup condition="control.isvisible(7000216)+Container(701).HasFocus(7000216)">7000216</onup>
                    <onup condition="control.isvisible(7000217)+Container(701).HasFocus(7000217)">7000217</onup>
                    <onup condition="control.isvisible(7000218)+Container(701).HasFocus(7000218)">7000218</onup>
                    <onup condition="control.isvisible(7000219)+Container(701).HasFocus(7000219)">7000219</onup>
                    <onup condition="control.isvisible(7000220)+Container(701).HasFocus(7000220)">7000220</onup>
                    <onup condition="control.isvisible(7000221)+Container(701).HasFocus(7000221)">7000221</onup>
                    <onup condition="control.isvisible(7000222)+Container(701).HasFocus(7000222)">7000222</onup>
                    <onup condition="control.isvisible(7000223)+Container(701).HasFocus(7000223)">7000223</onup>
                    <onup condition="control.isvisible(7000224)+Container(701).HasFocus(7000224)">7000224</onup>
                    <onup condition="control.isvisible(7000225)+Container(701).HasFocus(7000225)">7000225</onup>
                    <onup condition="control.isvisible(7000226)+Container(701).HasFocus(7000226)">7000226</onup>
                    <onup condition="control.isvisible(7000227)+Container(701).HasFocus(7000227)">7000227</onup>
                    <onup condition="control.isvisible(7000228)+Container(701).HasFocus(7000228)">7000228</onup>
                    <onup condition="control.isvisible(7000229)+Container(701).HasFocus(7000229)">7000229</onup>
                    <onup condition="control.isvisible(7000230)+Container(701).HasFocus(7000230)">7000230</onup>
                    <onup condition="control.isvisible(7000231)+Container(701).HasFocus(7000231)">7000231</onup>
                    <onup condition="control.isvisible(7000232)+Container(701).HasFocus(7000232)">7000232</onup>
                    <onup condition="control.isvisible(7000233)+Container(701).HasFocus(7000233)">7000233</onup>
                    <onup condition="control.isvisible(7000234)+Container(701).HasFocus(7000234)">7000234</onup>
                    <onup condition="control.isvisible(7000235)+Container(701).HasFocus(7000235)">7000235</onup>
                    <onup condition="control.isvisible(7000236)+Container(701).HasFocus(7000236)">7000236</onup>
                    <onup condition="control.isvisible(7000237)+Container(701).HasFocus(7000237)">7000237</onup>
                    <onup condition="control.isvisible(7000238)+Container(701).HasFocus(7000238)">7000238</onup>
                    <onup condition="control.isvisible(7000239)+Container(701).HasFocus(7000239)">7000239</onup>
                    <onup condition="control.isvisible(7000240)+Container(701).HasFocus(7000240)">7000240</onup>
                    <onup condition="control.isvisible(7000241)+Container(701).HasFocus(7000241)">7000241</onup>
                    <onup condition="control.isvisible(7000242)+Container(701).HasFocus(7000242)">7000242</onup>
                    <onup condition="control.isvisible(7000243)+Container(701).HasFocus(7000243)">7000243</onup>
                    <onup condition="control.isvisible(7000244)+Container(701).HasFocus(7000244)">7000244</onup>
                    <onup condition="control.isvisible(7000245)+Container(701).HasFocus(7000245)">7000245</onup>
                    <onup condition="control.isvisible(7000246)+Container(701).HasFocus(7000246)">7000246</onup>
                    <onup condition="control.isvisible(7000247)+Container(701).HasFocus(7000247)">7000247</onup>
                    <onup condition="control.isvisible(7000248)+Container(701).HasFocus(7000248)">7000248</onup>
                    <onup condition="control.isvisible(7000249)+Container(701).HasFocus(7000249)">7000249</onup>
                    <onup condition="control.isvisible(700031)+Container(701).HasFocus(700031)">700031</onup>
                    <onup condition="control.isvisible(700032)+Container(701).HasFocus(700032)">700032</onup>
                    <onup condition="control.isvisible(700033)+Container(701).HasFocus(700033)">700033</onup>
                    <onup condition="control.isvisible(700034)+Container(701).HasFocus(700034)">700034</onup>
                    <onup condition="control.isvisible(700035)+Container(701).HasFocus(700035)">700035</onup>
                    <onup condition="control.isvisible(700036)+Container(701).HasFocus(700036)">700036</onup>
                    <onup condition="control.isvisible(700037)+Container(701).HasFocus(700037)">700037</onup>
                    <onup condition="control.isvisible(700038)+Container(701).HasFocus(700038)">700038</onup>
                    <onup condition="control.isvisible(700039)+Container(701).HasFocus(700039)">700039</onup>
                    <onup condition="control.isvisible(7000310)+Container(701).HasFocus(7000310)">7000310</onup>
                    <onup condition="control.isvisible(7000311)+Container(701).HasFocus(7000311)">7000311</onup>
                    <onup condition="control.isvisible(7000312)+Container(701).HasFocus(7000312)">7000312</onup>
                    <onup condition="control.isvisible(7000313)+Container(701).HasFocus(7000313)">7000313</onup>
                    <onup condition="control.isvisible(7000314)+Container(701).HasFocus(7000314)">7000314</onup>
                    <onup condition="control.isvisible(7000315)+Container(701).HasFocus(7000315)">7000315</onup>
                    <onup condition="control.isvisible(7000316)+Container(701).HasFocus(7000316)">7000316</onup>
                    <onup condition="control.isvisible(7000317)+Container(701).HasFocus(7000317)">7000317</onup>
                    <onup condition="control.isvisible(7000318)+Container(701).HasFocus(7000318)">7000318</onup>
                    <onup condition="control.isvisible(7000319)+Container(701).HasFocus(7000319)">7000319</onup>
                    <onup condition="control.isvisible(7000320)+Container(701).HasFocus(7000320)">7000320</onup>
                    <onup condition="control.isvisible(7000321)+Container(701).HasFocus(7000321)">7000321</onup>
                    <onup condition="control.isvisible(7000322)+Container(701).HasFocus(7000322)">7000322</onup>
                    <onup condition="control.isvisible(7000323)+Container(701).HasFocus(7000323)">7000323</onup>
                    <onup condition="control.isvisible(7000324)+Container(701).HasFocus(7000324)">7000324</onup>
                    <onup condition="control.isvisible(7000325)+Container(701).HasFocus(7000325)">7000325</onup>
                    <onup condition="control.isvisible(7000326)+Container(701).HasFocus(7000326)">7000326</onup>
                    <onup condition="control.isvisible(7000327)+Container(701).HasFocus(7000327)">7000327</onup>
                    <onup condition="control.isvisible(7000328)+Container(701).HasFocus(7000328)">7000328</onup>
                    <onup condition="control.isvisible(7000329)+Container(701).HasFocus(7000329)">7000329</onup>
                    <onup condition="control.isvisible(7000330)+Container(701).HasFocus(7000330)">7000330</onup>
                    <onup condition="control.isvisible(7000331)+Container(701).HasFocus(7000331)">7000331</onup>
                    <onup condition="control.isvisible(7000332)+Container(701).HasFocus(7000332)">7000332</onup>
                    <onup condition="control.isvisible(7000333)+Container(701).HasFocus(7000333)">7000333</onup>
                    <onup condition="control.isvisible(7000334)+Container(701).HasFocus(7000334)">7000334</onup>
                    <onup condition="control.isvisible(7000335)+Container(701).HasFocus(7000335)">7000335</onup>
                    <onup condition="control.isvisible(7000336)+Container(701).HasFocus(7000336)">7000336</onup>
                    <onup condition="control.isvisible(7000337)+Container(701).HasFocus(7000337)">7000337</onup>
                    <onup condition="control.isvisible(7000338)+Container(701).HasFocus(7000338)">7000338</onup>
                    <onup condition="control.isvisible(7000339)+Container(701).HasFocus(7000339)">7000339</onup>
                    <onup condition="control.isvisible(7000340)+Container(701).HasFocus(7000340)">7000340</onup>
                    <onup condition="control.isvisible(7000341)+Container(701).HasFocus(7000341)">7000341</onup>
                    <onup condition="control.isvisible(7000342)+Container(701).HasFocus(7000342)">7000342</onup>
                    <onup condition="control.isvisible(7000343)+Container(701).HasFocus(7000343)">7000343</onup>
                    <onup condition="control.isvisible(7000344)+Container(701).HasFocus(7000344)">7000344</onup>
                    <onup condition="control.isvisible(7000345)+Container(701).HasFocus(7000345)">7000345</onup>
                    <onup condition="control.isvisible(7000346)+Container(701).HasFocus(7000346)">7000346</onup>
                    <onup condition="control.isvisible(7000347)+Container(701).HasFocus(7000347)">7000347</onup>
                    <onup condition="control.isvisible(7000348)+Container(701).HasFocus(7000348)">7000348</onup>
                    <onup condition="control.isvisible(7000349)+Container(701).HasFocus(7000349)">7000349</onup>
                    <onup condition="control.isvisible(700041)+Container(701).HasFocus(700041)">700041</onup>
                    <onup condition="control.isvisible(700042)+Container(701).HasFocus(700042)">700042</onup>
                    <onup condition="control.isvisible(700043)+Container(701).HasFocus(700043)">700043</onup>
                    <onup condition="control.isvisible(700044)+Container(701).HasFocus(700044)">700044</onup>
                    <onup condition="control.isvisible(700045)+Container(701).HasFocus(700045)">700045</onup>
                    <onup condition="control.isvisible(700046)+Container(701).HasFocus(700046)">700046</onup>
                    <onup condition="control.isvisible(700047)+Container(701).HasFocus(700047)">700047</onup>
                    <onup condition="control.isvisible(700048)+Container(701).HasFocus(700048)">700048</onup>
                    <onup condition="control.isvisible(700049)+Container(701).HasFocus(700049)">700049</onup>
                    <onup condition="control.isvisible(7000410)+Container(701).HasFocus(7000410)">7000410</onup>
                    <onup condition="control.isvisible(7000411)+Container(701).HasFocus(7000411)">7000411</onup>
                    <onup condition="control.isvisible(7000412)+Container(701).HasFocus(7000412)">7000412</onup>
                    <onup condition="control.isvisible(7000413)+Container(701).HasFocus(7000413)">7000413</onup>
                    <onup condition="control.isvisible(7000414)+Container(701).HasFocus(7000414)">7000414</onup>
                    <onup condition="control.isvisible(7000415)+Container(701).HasFocus(7000415)">7000415</onup>
                    <onup condition="control.isvisible(7000416)+Container(701).HasFocus(7000416)">7000416</onup>
                    <onup condition="control.isvisible(7000417)+Container(701).HasFocus(7000417)">7000417</onup>
                    <onup condition="control.isvisible(7000418)+Container(701).HasFocus(7000418)">7000418</onup>
                    <onup condition="control.isvisible(7000419)+Container(701).HasFocus(7000419)">7000419</onup>
                    <onup condition="control.isvisible(7000420)+Container(701).HasFocus(7000420)">7000420</onup>
                    <onup condition="control.isvisible(7000421)+Container(701).HasFocus(7000421)">7000421</onup>
                    <onup condition="control.isvisible(7000422)+Container(701).HasFocus(7000422)">7000422</onup>
                    <onup condition="control.isvisible(7000423)+Container(701).HasFocus(7000423)">7000423</onup>
                    <onup condition="control.isvisible(7000424)+Container(701).HasFocus(7000424)">7000424</onup>
                    <onup condition="control.isvisible(7000425)+Container(701).HasFocus(7000425)">7000425</onup>
                    <onup condition="control.isvisible(7000426)+Container(701).HasFocus(7000426)">7000426</onup>
                    <onup condition="control.isvisible(7000427)+Container(701).HasFocus(7000427)">7000427</onup>
                    <onup condition="control.isvisible(7000428)+Container(701).HasFocus(7000428)">7000428</onup>
                    <onup condition="control.isvisible(7000429)+Container(701).HasFocus(7000429)">7000429</onup>
                    <onup condition="control.isvisible(7000430)+Container(701).HasFocus(7000430)">7000430</onup>
                    <onup condition="control.isvisible(7000431)+Container(701).HasFocus(7000431)">7000431</onup>
                    <onup condition="control.isvisible(7000432)+Container(701).HasFocus(7000432)">7000432</onup>
                    <onup condition="control.isvisible(7000433)+Container(701).HasFocus(7000433)">7000433</onup>
                    <onup condition="control.isvisible(7000434)+Container(701).HasFocus(7000434)">7000434</onup>
                    <onup condition="control.isvisible(7000435)+Container(701).HasFocus(7000435)">7000435</onup>
                    <onup condition="control.isvisible(7000436)+Container(701).HasFocus(7000436)">7000436</onup>
                    <onup condition="control.isvisible(7000437)+Container(701).HasFocus(7000437)">7000437</onup>
                    <onup condition="control.isvisible(7000438)+Container(701).HasFocus(7000438)">7000438</onup>
                    <onup condition="control.isvisible(7000439)+Container(701).HasFocus(7000439)">7000439</onup>
                    <onup condition="control.isvisible(7000440)+Container(701).HasFocus(7000440)">7000440</onup>
                    <onup condition="control.isvisible(7000441)+Container(701).HasFocus(7000441)">7000441</onup>
                    <onup condition="control.isvisible(7000442)+Container(701).HasFocus(7000442)">7000442</onup>
                    <onup condition="control.isvisible(7000443)+Container(701).HasFocus(7000443)">7000443</onup>
                    <onup condition="control.isvisible(7000444)+Container(701).HasFocus(7000444)">7000444</onup>
                    <onup condition="control.isvisible(7000445)+Container(701).HasFocus(7000445)">7000445</onup>
                    <onup condition="control.isvisible(7000446)+Container(701).HasFocus(7000446)">7000446</onup>
                    <onup condition="control.isvisible(7000447)+Container(701).HasFocus(7000447)">7000447</onup>
                    <onup condition="control.isvisible(7000448)+Container(701).HasFocus(7000448)">7000448</onup>
                    <onup condition="control.isvisible(7000449)+Container(701).HasFocus(7000449)">7000449</onup>
                    <onup condition="control.isvisible(700051)+Container(701).HasFocus(700051)">700051</onup>
                    <onup condition="control.isvisible(700052)+Container(701).HasFocus(700052)">700052</onup>
                    <onup condition="control.isvisible(700053)+Container(701).HasFocus(700053)">700053</onup>
                    <onup condition="control.isvisible(700054)+Container(701).HasFocus(700054)">700054</onup>
                    <onup condition="control.isvisible(700055)+Container(701).HasFocus(700055)">700055</onup>
                    <onup condition="control.isvisible(700056)+Container(701).HasFocus(700056)">700056</onup>
                    <onup condition="control.isvisible(700057)+Container(701).HasFocus(700057)">700057</onup>
                    <onup condition="control.isvisible(700058)+Container(701).HasFocus(700058)">700058</onup>
                    <onup condition="control.isvisible(700059)+Container(701).HasFocus(700059)">700059</onup>
                    <onup condition="control.isvisible(7000510)+Container(701).HasFocus(7000510)">7000510</onup>
                    <onup condition="control.isvisible(7000511)+Container(701).HasFocus(7000511)">7000511</onup>
                    <onup condition="control.isvisible(7000512)+Container(701).HasFocus(7000512)">7000512</onup>
                    <onup condition="control.isvisible(7000513)+Container(701).HasFocus(7000513)">7000513</onup>
                    <onup condition="control.isvisible(7000514)+Container(701).HasFocus(7000514)">7000514</onup>
                    <onup condition="control.isvisible(7000515)+Container(701).HasFocus(7000515)">7000515</onup>
                    <onup condition="control.isvisible(7000516)+Container(701).HasFocus(7000516)">7000516</onup>
                    <onup condition="control.isvisible(7000517)+Container(701).HasFocus(7000517)">7000517</onup>
                    <onup condition="control.isvisible(7000518)+Container(701).HasFocus(7000518)">7000518</onup>
                    <onup condition="control.isvisible(7000519)+Container(701).HasFocus(7000519)">7000519</onup>
                    <onup condition="control.isvisible(7000520)+Container(701).HasFocus(7000520)">7000520</onup>
                    <onup condition="control.isvisible(7000521)+Container(701).HasFocus(7000521)">7000521</onup>
                    <onup condition="control.isvisible(7000522)+Container(701).HasFocus(7000522)">7000522</onup>
                    <onup condition="control.isvisible(7000523)+Container(701).HasFocus(7000523)">7000523</onup>
                    <onup condition="control.isvisible(7000524)+Container(701).HasFocus(7000524)">7000524</onup>
                    <onup condition="control.isvisible(7000525)+Container(701).HasFocus(7000525)">7000525</onup>
                    <onup condition="control.isvisible(7000526)+Container(701).HasFocus(7000526)">7000526</onup>
                    <onup condition="control.isvisible(7000527)+Container(701).HasFocus(7000527)">7000527</onup>
                    <onup condition="control.isvisible(7000528)+Container(701).HasFocus(7000528)">7000528</onup>
                    <onup condition="control.isvisible(7000529)+Container(701).HasFocus(7000529)">7000529</onup>
                    <onup condition="control.isvisible(7000530)+Container(701).HasFocus(7000530)">7000530</onup>
                    <onup condition="control.isvisible(7000531)+Container(701).HasFocus(7000531)">7000531</onup>
                    <onup condition="control.isvisible(7000532)+Container(701).HasFocus(7000532)">7000532</onup>
                    <onup condition="control.isvisible(7000533)+Container(701).HasFocus(7000533)">7000533</onup>
                    <onup condition="control.isvisible(7000534)+Container(701).HasFocus(7000534)">7000534</onup>
                    <onup condition="control.isvisible(7000535)+Container(701).HasFocus(7000535)">7000535</onup>
                    <onup condition="control.isvisible(7000536)+Container(701).HasFocus(7000536)">7000536</onup>
                    <onup condition="control.isvisible(7000537)+Container(701).HasFocus(7000537)">7000537</onup>
                    <onup condition="control.isvisible(7000538)+Container(701).HasFocus(7000538)">7000538</onup>
                    <onup condition="control.isvisible(7000539)+Container(701).HasFocus(7000539)">7000539</onup>
                    <onup condition="control.isvisible(7000540)+Container(701).HasFocus(7000540)">7000540</onup>
                    <onup condition="control.isvisible(7000541)+Container(701).HasFocus(7000541)">7000541</onup>
                    <onup condition="control.isvisible(7000542)+Container(701).HasFocus(7000542)">7000542</onup>
                    <onup condition="control.isvisible(7000543)+Container(701).HasFocus(7000543)">7000543</onup>
                    <onup condition="control.isvisible(7000544)+Container(701).HasFocus(7000544)">7000544</onup>
                    <onup condition="control.isvisible(7000545)+Container(701).HasFocus(7000545)">7000545</onup>
                    <onup condition="control.isvisible(7000546)+Container(701).HasFocus(7000546)">7000546</onup>
                    <onup condition="control.isvisible(7000547)+Container(701).HasFocus(7000547)">7000547</onup>
                    <onup condition="control.isvisible(7000548)+Container(701).HasFocus(7000548)">7000548</onup>
                    <onup condition="control.isvisible(7000549)+Container(701).HasFocus(7000549)">7000549</onup>
                    <ondown>300</ondown>
                    <focusposition>1</focusposition>
                    <orientation>horizontal</orientation>
                    <pagecontrol></pagecontrol>
                    <itemlayout width="640" height="50">
                        <control type="label">
                            <posx>20</posx>
                            <posy>0</posy>
                            <height>50</height>
                            <width>600</width>
                            <align>center</align>
                            <aligny>center</aligny>
                            <font>SmallButtonFont</font>
                            <scroll>false</scroll>
                            <label>$INFO[ListItem.Label]</label>
                            <textcolor>ListNoFocusColor</textcolor>
                        </control>
                    </itemlayout>
                    <focusedlayout width="640" height="50">
                        <control type="group">
                            <include>ListFocusAnimation</include>
                            <control type="label">
                                <visible>!$EXP[HomeWidgetSelectorHasFocus]</visible>
                                <animation effect="fade" time="200" start="0" end="100" reversible="true">Visible</animation>
                                <posx>20</posx>
                                <posy>0</posy>
                                <height>50</height>
                                <width>600</width>
                                <align>center</align>
                                <aligny>center</aligny>
                                <font>SmallButtonFont</font>
                                <label>$INFO[ListItem.Label]</label>
                                <textcolor>ListNoFocusColor</textcolor>
                            </control>
                            <control type="label">
                                <visible>$EXP[HomeWidgetSelectorHasFocus]</visible>
                                <animation effect="fade" time="200" start="0" end="100" reversible="true">Visible</animation>
                                <posx>20</posx>
                                <posy>0</posy>
                                <height>50</height>
                                <width>600</width>
                                <align>center</align>
                                <aligny>center</aligny>
                                <font>SmallButtonFont</font>
                                <label>[B]$INFO[ListItem.Label][/B]</label>
                                <textcolor>ListFocusColor</textcolor>
                            </control>
                        </control>
                    </focusedlayout>
                    <include>ShelfIcons</include>
                </control>
                <control type="button" id="7010">
                    <!--NAVIGATION DUMMY-->
                    <visible>$EXP[HomeWidgetCollectionIsVisible]</visible>
                    <posx>0</posx>
                    <posy>415</posy>
                    <width>1920</width>
                    <height>124</height>
                    <include>HiddenButton</include>
                    <onfocus>SetFocus(701)</onfocus>
                </control>
                <control type="button" id="7018">
                    <visible>Integer.IsGreater(Container(701).Numitems,0)</visible>
                    <posx>0</posx>
                    <posy>455</posy>
                    <width>650</width>
                    <height>84</height>
                    <include>HiddenButton</include>
                    <onclick>Control.Move(701,-1)</onclick>
                </control>
                <control type="button" id="7019">
                    <visible>Integer.IsGreater(Container(701).Numitems,0)</visible>
                    <posx>1270</posx>
                    <posy>455</posy>
                    <width>650</width>
                    <height>84</height>
                    <include>HiddenButton</include>
                    <onclick>Control.Move(701,1)</onclick>
                </control>
            </control>
        </control>

    </include>
</includes>
