<?xml version="1.0" encoding="UTF-8" standalone="yes"?>
<addon id="repository.Princess" name="[COLOR lime]Princess[/COLOR] Repo" version="" provider-name="Iker">
    <extension point="xbmc.addon.repository" name="Princess">
        <info>https://raw.githubusercontent.com/Iker-kodi/Princess/master/Repositorio/addons.xml</info>
        <checksum>https://raw.githubusercontent.com/Iker-kodi/Princess/master/Repositorio/addons.xml.md5</checksum>
        <datadir zip="true">https://raw.githubusercontent.com/Iker-kodi/master/Repositorio/</datadir>
    </extension>
    <extension point="xbmc.addon.metadata">
        <summary>Repositorio Princess</summary>
        <description></description>
        <disclaimer></disclaimer>
        <platform>all</platform>
    </extension>
</addon>
