<?xml version="1.0" encoding="UTF-8" standalone="yes"?>
<addon id="Wizard.Princess.Krypton"
	   name="Wizard.Princess.Krypton" 
	   version="0.0.1" 
	   provider-name="Iker"> 
  <requires>
    <import addon="xbmc.python" version="2.1.0"/>
  </requires>
  <extension point="xbmc.python.pluginsource" library="default.py">
        <provides>executable</provides>
  </extension>
  <extension point="xbmc.addon.metadata">
    <summary>Wizard</summary>
    <description>Wizard configurando correctamente tu Kody</description> 
    <platform>all</platform>
  </extension>
</addon>
