<?xml version="1.0" encoding="utf-8"?>
<includes>
    <default type="label">
        <posx>0</posx>
        <posy>0</posy>
        <height>60</height>
        <align>left</align>
        <aligny>center</aligny>
        <font>InfoDetailsFont</font>
        <textcolor>MainColor</textcolor>
        <shadowcolor>ShadowColor</shadowcolor>
        <focusedcolor>MainColor</focusedcolor>
        <selectedcolor>SelectedColor</selectedcolor>
        <disabledcolor>DisabledColor</disabledcolor>
        <scroll>true</scroll>
        <scrollspeed>50</scrollspeed>
        <scrollsuffix>  •  </scrollsuffix>
    </default>
    <default type="fadelabel">
        <posx>0</posx>
        <posy>0</posy>
        <height>60</height>
        <align>left</align>
        <aligny>center</aligny>
        <font>InfoDetailsFont</font>
        <textoffsetx>0</textoffsetx>
        <textcolor>MainColor</textcolor>
        <shadowcolor>ShadowColor</shadowcolor>
        <focusedcolor>MainColor</focusedcolor>
        <selectedcolor>SelectedColor</selectedcolor>
        <disabledcolor>DisabledColor</disabledcolor>
        <scrollout>false</scrollout>
        <pauseatend>3000</pauseatend>
        <scrollsuffix>  •  </scrollsuffix>
    </default>
    <default type="textbox">
        <align>justify</align>
        <font>InfoPlotFont</font>
        <textcolor>MainColor</textcolor>
        <shadowcolor>ShadowColor</shadowcolor>
        <focusedcolor>MainColor</focusedcolor>
        <selectedcolor>SelectedColor</selectedcolor>
        <disabledcolor>DisabledColor</disabledcolor>
        <pagecontrol>61</pagecontrol>
        <pulseonselect>false</pulseonselect>
        <autoscroll delay="5000" time="2500" repeat="10000">Skin.HasSetting(AutoScroll)</autoscroll>
    </default>
    <default type="image">
        <fadetime>200</fadetime>
        <align>center</align>
        <aligny>center</aligny>
        <aspectratio>stretch</aspectratio>
    </default>
    <default type="multiimage">
        <fadetime>200</fadetime>
    </default>
    <default type="button">
        <posx>0</posx>
        <posy>0</posy>
        <width>375</width>
        <height>90</height>
        <align>center</align>
        <aligny>center</aligny>
        <font>ButtonFont</font>
        <textoffsetx>0</textoffsetx>
        <textcolor>AlternateColor</textcolor>
        <shadowcolor>ShadowColor</shadowcolor>
        <focusedcolor>MainColor</focusedcolor>
        <selectedcolor>SelectedColor</selectedcolor>
        <disabledcolor>DisabledColor</disabledcolor>
        <include>ButtonTextureFocus</include>
        <texturenofocus border="30">buttons/bg_button_nofocus.png</texturenofocus>
        <pulseonselect>false</pulseonselect>
    </default>
    <default type="edit">
        <posx>0</posx>
        <posy>0</posy>
        <width>390</width>
        <height>60</height>
        <align>left</align>
        <aligny>center</aligny>
        <font>InfoDetailsFont</font>
        <textoffsetx>20</textoffsetx>
        <textcolor>AlternateColor</textcolor>
        <shadowcolor>ShadowColor</shadowcolor>
        <focusedcolor>MainColor</focusedcolor>
        <selectedcolor>SelectedColor</selectedcolor>
        <disabledcolor>DisabledColor</disabledcolor>
        <include>TextureFocus</include>
        <texturenofocus border="4">list/bg_facade_nofocus.png</texturenofocus>
    </default>
    <default type="togglebutton">
        <posx>0</posx>
        <posy>0</posy>
        <width>450</width>
        <height>60</height>
        <align>left</align>
        <aligny>center</aligny>
        <font>ButtonFont</font>
        <textoffsetx>20</textoffsetx>
        <textcolor>AlternateColor</textcolor>
        <shadowcolor>ShadowColor</shadowcolor>
        <focusedcolor>MainColor</focusedcolor>
        <selectedcolor>MainColor</selectedcolor>
        <altselectedcolor>SelectedColor</altselectedcolor>
        <disabledcolor>DisabledColor</disabledcolor>
        <include>TextureFocus</include>
        <texturenofocus border="4">list/bg_facade_nofocus.png</texturenofocus>
        <include>AltTextureFocus</include>
        <alttexturenofocus border="4">list/bg_facade_nofocus.png</alttexturenofocus>
        <pulseonselect>false</pulseonselect>
    </default>
    <default type="radiobutton">
        <posx>0</posx>
        <posy>0</posy>
        <height>60</height>
        <align>left</align>
        <aligny>center</aligny>
        <font>ButtonFont</font>
        <textcolor>AlternateColor</textcolor>
        <shadowcolor>ShadowColor</shadowcolor>
        <focusedcolor>MainColor</focusedcolor>
        <selectedcolor>MainColor</selectedcolor>
        <disabledcolor>DisabledColor</disabledcolor>
        <radioposx>500</radioposx>
        <radiowidth>58</radiowidth>
        <radioheight>27</radioheight>
        <include>TextureFocus</include>
        <texturenofocus border="4">list/bg_facade_nofocus.png</texturenofocus>
        <textureradioonfocus>buttons/RadioOnFO.png</textureradioonfocus>
        <textureradioofffocus>buttons/RadioOffFO.png</textureradioofffocus>
        <textureradioonnofocus>buttons/RadioOnNF.png</textureradioonnofocus>
        <textureradiooffnofocus>buttons/RadioOffNF.png</textureradiooffnofocus>
        <textureradioondisabled colordiffuse="90ffffff">buttons/RadioOnNF.png</textureradioondisabled>
        <textureradiooffdisabled colordiffuse="90ffffff">buttons/RadioOffNF.png</textureradiooffdisabled>
        <textoffsetx>20</textoffsetx>
        <pulseonselect>false</pulseonselect>
    </default>
    <default type="spincontrol">
        <posx>0</posx>
        <posy>0</posy>
        <height>60</height>
        <textureup>buttons/SpinUpNF.png</textureup>
        <textureupfocus colordiffuse="$VAR[Picked.Highlight.Color]">buttons/SpinUpFO.png</textureupfocus>
        <texturedown>buttons/SpinDownNF.png</texturedown>
        <texturedownfocus colordiffuse="$VAR[Picked.Highlight.Color]">buttons/SpinDownFO.png</texturedownfocus>
        <textureupdisabled colordiffuse="90ffffff">buttons/SpinUpNF.png</textureupdisabled>
        <texturedowndisabled colordiffuse="90ffffff">buttons/SpinDownNF.png</texturedowndisabled>
        <include>TextureFocus</include>
        <texturenofocus border="4">list/bg_facade_nofocus.png</texturenofocus>
        <spinheight>27</spinheight>
        <spinwidth>29</spinwidth>
        <font>ButtonFont</font>
        <textcolor>AlternateColor</textcolor>
        <shadowcolor>ShadowColor</shadowcolor>
        <focusedcolor>MainColor</focusedcolor>
        <selectedcolor>SelectedColor</selectedcolor>
        <disabledcolor>DisabledColor</disabledcolor>
        <textoffsetx>20</textoffsetx>
        <align>left</align>
        <aligny>center</aligny>
        <reverse>yes</reverse>
        <pulseonselect>false</pulseonselect>
    </default>
    <default type="spincontrolex">
        <posx>0</posx>
        <spinposx>0</spinposx>
        <posy>0</posy>
        <height>60</height>
        <font>ButtonFont</font>
        <textureup>buttons/SpinUpNF.png</textureup>
        <textureupfocus colordiffuse="$VAR[Picked.Highlight.Color]">buttons/SpinUpFO.png</textureupfocus>
        <texturedown>buttons/SpinDownNF.png</texturedown>
        <texturedownfocus colordiffuse="$VAR[Picked.Highlight.Color]">buttons/SpinDownFO.png</texturedownfocus>
        <textureupdisabled colordiffuse="90ffffff">buttons/SpinUpNF.png</textureupdisabled>
        <texturedowndisabled colordiffuse="90ffffff">buttons/SpinDownNF.png</texturedowndisabled>
        <include>TextureFocus</include>
        <texturenofocus border="4">list/bg_facade_nofocus.png</texturenofocus>
        <spinheight>27</spinheight>
        <spinwidth>29</spinwidth>
        <textcolor>AlternateColor</textcolor>
        <shadowcolor>ShadowColor</shadowcolor>
        <focusedcolor>MainColor</focusedcolor>
        <selectedcolor>SelectedColor</selectedcolor>
        <disabledcolor>DisabledColor</disabledcolor>
        <textoffsetx>20</textoffsetx>
        <align>left</align>
        <aligny>center</aligny>
        <reverse>yes</reverse>
        <pulseonselect>false</pulseonselect>
    </default>
    <default type="slider">
        <align>left</align>
        <aligny>center</aligny>
        <visible>true</visible>
        <height>64</height>
        <sliderwidth>180</sliderwidth>
        <sliderheight>64</sliderheight>
        <texturesliderbar>buttons/SliderBG.png</texturesliderbar>
        <textureslidernib>buttons/SliderNibNF.png</textureslidernib>
        <textureslidernibfocus colordiffuse="$VAR[Picked.Highlight.Color]">buttons/SliderNibFO.png</textureslidernibfocus>
        <textoffsetx>20</textoffsetx>
        <pulseonselect>false</pulseonselect>
        <orientation>horizontal</orientation>
    </default>
    <default type="sliderex">
        <align>left</align>
        <aligny>center</aligny>
        <height>64</height>
        <sliderwidth>180</sliderwidth>
        <sliderheight>64</sliderheight>
        <texturesliderbar>buttons/SliderBG.png</texturesliderbar>
        <textureslidernib>buttons/SliderNibNF.png</textureslidernib>
        <textureslidernibfocus colordiffuse="$VAR[Picked.Highlight.Color]">buttons/SliderNibFO.png</textureslidernibfocus>
        <include>TextureFocus</include>
        <texturenofocus border="4">list/bg_facade_nofocus.png</texturenofocus>
        <font>ButtonFont</font>
        <textcolor>AlternateColor</textcolor>
        <shadowcolor>ShadowColor</shadowcolor>
        <focusedcolor>MainColor</focusedcolor>
        <selectedcolor>SelectedColor</selectedcolor>
        <disabledcolor>DisabledColor</disabledcolor>
        <textoffsetx>20</textoffsetx>
        <pulseonselect>false</pulseonselect>
    </default>
    <default type="scrollbar">
        <posx>0</posx>
        <posy>0</posy>
        <width>42</width>
        <orientation>vertical</orientation>
        <texturesliderbackground>-</texturesliderbackground>
        <texturesliderbar>-</texturesliderbar>
        <texturesliderbarfocus>-</texturesliderbarfocus>
        <textureslidernib border="18">buttons/Scrollbar_Vertical_NoFocus.png</textureslidernib>
        <textureslidernibfocus border="18" colordiffuse="$VAR[Picked.Highlight.Color]">buttons/Scrollbar_Vertical_Focus.png</textureslidernibfocus>
        <pulseonselect>false</pulseonselect>
        <showonepage>false</showonepage>
    </default>
</includes>
