<?xml version="1.0" encoding="utf-8"?>
<window>
    <defaultcontrol always="true">312</defaultcontrol>
    <include>DialogOpenClose</include>
    <controls>
        <control type="group">
            <visible>!Window.IsVisible(numericinput)</visible>
            <include>DimBG</include>
            <control type="group">
                <include condition="Skin.HasSetting(BlackGlassMode)+!Skin.HasSetting(DisableSlidingAnimations)">OpenCloseSlideRight</include>
                <posx>2</posx>
                <posy>-145</posy>
                <animation effect="slide" start="0,0" end="0,-50" time="0" condition="Control.IsVisible(313)">Conditional</animation>
                <include content="WindowClosingButton">
                    <param name="id" value="0"/>
                    <param name="x" value="1733"/>
                    <param name="y" value="276"/>
                </include>
                <control type="image">
                    <visible>!Control.IsVisible(313)</visible>
                    <posx>133</posx>
                    <posy>280</posy>
                    <width>1650</width>
                    <height>810</height>
                    <texture border="94">common/bg_dialog.png</texture>
                </control>
                <control type="image">
                    <visible>Control.IsVisible(313)</visible>
                    <posx>133</posx>
                    <posy>280</posy>
                    <width>1650</width>
                    <height>910</height>
                    <texture border="94">common/bg_dialog.png</texture>
                </control>
                <control type="group">
                    <posx>178</posx>
                    <posy>317</posy>
                    <control type="label" id="311">
                        <posx>45</posx>
                        <posy>18</posy>
                        <width>1470</width>
                        <height>100</height>
                        <font>InfoTitleFont</font>
                        <textcolor>MainColor</textcolor>
                        <align>center</align>
                    </control>
                    <control type="image">
                        <posx>0</posx>
                        <posy>38</posy>
                        <width>1560</width>
                        <height>79</height>
                        <texture>list/bg_facade_nofocus_top.png</texture>
                    </control>
                </control>
                <control type="group">
                    <posx>0</posx>
                    <posy>0</posy>
                    <visible>Control.IsVisible(313)</visible>
                    <control type="label" id="313">
                        <description>HZCODE label</description>
                        <posx>223</posx>
                        <posy>435</posy>
                        <width>1470</width>
                        <height>60</height>
                        <font>InfoDetailsFont</font>
                        <scroll>true</scroll>
                        <textcolor>MainColor</textcolor>
                        <align>center</align>
                    </control>
                    <control type="label" id="314">
                        <description>HZLIST label</description>
                        <posx>223</posx>
                        <posy>479</posy>
                        <width>1470</width>
                        <height>60</height>
                        <font>NotificationFont</font>
                        <scroll>true</scroll>
                        <textcolor>AlternateColor</textcolor>
                        <align>center</align>
                    </control>
                    <control type="image">
                        <posx>178</posx>
                        <posy>455</posy>
                        <width>1560</width>
                        <height>79</height>
                        <texture>list/bg_facade_nofocus_top.png</texture>
                    </control>
                </control>
                <control type="group">
                    <animation effect="slide" start="0,0" end="0,100" time="0" condition="Control.IsVisible(313)">Conditional</animation>
                    <posx>0</posx>
                    <posy>150</posy>
                    <control type="image">
                        <visible>!control.hasfocus(312)</visible>
                        <posx>217</posx>
                        <posy>310</posy>
                        <width>1485</width>
                        <height>75</height>
                        <texture border="35">buttons/bg_button_text_nofocus.png</texture>
                    </control>
                    <control type="image">
                        <visible>control.hasfocus(312)</visible>
                        <posx>217</posx>
                        <posy>310</posy>
                        <width>1485</width>
                        <height>75</height>
                        <texture border="35" colordiffuse="$VAR[Picked.Highlight.Color]">buttons/bg_button_text_focus.png</texture>
                    </control>
                    <control type="edit" id="312">
                        <posx>240</posx>
                        <posy>319</posy>
                        <width>1445</width>
                        <height>60</height>
                        <align>center</align>
                        <textcolor>MainColor</textcolor>
                        <font>ButtonFont</font>
                        <include>HiddenButton</include>
                        <onup>300</onup>
                        <ondown>9091</ondown>
                    </control>
                    <control type="panel" id="9091">
                        <posx>210</posx>
                        <posy>390</posy>
                        <width>1500</width>
                        <height>90</height>
                        <onup>312</onup>
                        <ondown>309</ondown>
                        <onback>noop</onback>
                        <orientation>horizontal</orientation>
                        <pagecontrol>60</pagecontrol>
                        <scrolltime tween="quadratic" easing="out">200</scrolltime>
                        <itemlayout height="85" width="500">
                            <control type="image">
                                <posx>0</posx>
                                <posy>0</posy>
                                <height>85</height>
                                <width>500</width>
                                <texture border="30">buttons/bg_button_nofocus.png</texture>
                            </control>
                            <control type="label">
                                <posx>45</posx>
                                <height>85</height>
                                <width>410</width>
                                <align>center</align>
                                <font>SmallButtonFont</font>
                                <textcolor>ListNoFocusColor</textcolor>
                                <label>$INFO[ListItem.Label]</label>
                                <scroll>false</scroll>
                            </control>
                        </itemlayout>
                        <focusedlayout height="85" width="500">
                            <control type="image">
                                <posx>0</posx>
                                <posy>0</posy>
                                <height>85</height>
                                <width>500</width>
                                <texture border="30" colordiffuse="$VAR[Picked.Highlight.Color]">buttons/bg_button_focus_white.png</texture>
                            </control>
                            <control type="label">
                                <posx>45</posx>
                                <height>85</height>
                                <width>410</width>
                                <font>SmallButtonFont</font>
                                <align>center</align>
                                <textcolor>ListFocusColor</textcolor>
                                <label>$INFO[ListItem.Label]</label>
                            </control>
                        </focusedlayout>
                        <content>plugin://plugin.program.autocompletion?info=autocomplete&amp;&amp;id=$INFO[Control.GetLabel(312).index(1)]&amp;&amp;limit=8</content>
                    </control>
                    <control type="group">
                        <left>210</left>
                        <top>470</top>
                        <!-- 1st row -->
                        <control type="grouplist">
                            <itemgap>0</itemgap>
                            <orientation>horizontal</orientation>
                            <control type="button" id="309">
                                <description>Layout button</description>
                                <width>420</width>
                                <label>20177</label>
                                <onup>9091</onup>
                                <ondown>302</ondown>
                                <include>KeyboardButtons</include>
                            </control>
                            <control type="button" id="100">
                                <description>(0,0) key button</description>
                                <onup>9091</onup>
                                <ondown>120</ondown>
                                <include>KeyboardButtons</include>
                            </control>
                            <control type="button" id="101">
                                <description>(0,1) key button</description>
                                <onup>9091</onup>
                                <ondown>121</ondown>
                                <include>KeyboardButtons</include>
                            </control>
                            <control type="button" id="102">
                                <description>(0,2) key button</description>
                                <onup>9091</onup>
                                <ondown>122</ondown>
                                <include>KeyboardButtons</include>
                            </control>
                            <control type="button" id="103">
                                <description>(0,3) key button</description>
                                <onup>9091</onup>
                                <ondown>123</ondown>
                                <include>KeyboardButtons</include>
                            </control>
                            <control type="button" id="104">
                                <description>(0,4) key button</description>
                                <onup>9091</onup>
                                <ondown>124</ondown>
                                <include>KeyboardButtons</include>
                            </control>
                            <control type="button" id="105">
                                <description>(0,5) key button</description>
                                <onup>9091</onup>
                                <ondown>125</ondown>
                                <include>KeyboardButtons</include>
                            </control>
                            <control type="button" id="106">
                                <description>(0,6) key button</description>
                                <onup>9091</onup>
                                <ondown>126</ondown>
                                <include>KeyboardButtons</include>
                            </control>
                            <control type="button" id="107">
                                <description>(0,7) key button</description>
                                <onup>9091</onup>
                                <ondown>127</ondown>
                                <include>KeyboardButtons</include>
                            </control>
                            <control type="button" id="108">
                                <description>(0,8) key button</description>
                                <onup>9091</onup>
                                <ondown>128</ondown>
                                <include>KeyboardButtons</include>
                            </control>
                            <control type="button" id="109">
                                <description>(0,9) key button</description>
                                <onup>9091</onup>
                                <ondown>129</ondown>
                                <include>KeyboardButtons</include>
                            </control>
                            <control type="button" id="110">
                                <description>(0,10) key button</description>
                                <onup>9091</onup>
                                <ondown>130</ondown>
                                <include>KeyboardButtons</include>
                            </control>
                            <control type="button" id="111">
                                <description>(0,11) key button</description>
                                <onup>9091</onup>
                                <ondown>131</ondown>
                                <include>KeyboardButtons</include>
                            </control>
                        </control>
                        <!-- 2nd row -->
                        <control type="grouplist">
                            <orientation>horizontal</orientation>
                            <top>80</top>
                            <itemgap>0</itemgap>
                            <control type="radiobutton" id="302">
                                <description>SHIFT button</description>
                                <width>420</width>
                                <label>20178</label>
                                <onup>309</onup>
                                <ondown>303</ondown>
                                <radioposx>335</radioposx>
                                <radioposy>31</radioposy>
                                <include>KeyboardButtons</include>
                            </control>
                            <control type="button" id="120">
                                <description>(1,0) key button</description>
                                <onup>100</onup>
                                <ondown>140</ondown>
                                <include>KeyboardButtons</include>
                            </control>
                            <control type="button" id="121">
                                <description>(1,1) key button</description>
                                <onup>101</onup>
                                <ondown>141</ondown>
                                <include>KeyboardButtons</include>
                            </control>
                            <control type="button" id="122">
                                <description>(1,2) key button</description>
                                <onup>102</onup>
                                <ondown>142</ondown>
                                <include>KeyboardButtons</include>
                            </control>
                            <control type="button" id="123">
                                <description>(1,3) key button</description>
                                <onup>103</onup>
                                <ondown>143</ondown>
                                <include>KeyboardButtons</include>
                            </control>
                            <control type="button" id="124">
                                <description>(1,4) key button</description>
                                <onup>104</onup>
                                <ondown>144</ondown>
                                <include>KeyboardButtons</include>
                            </control>
                            <control type="button" id="125">
                                <description>(1,5) key button</description>
                                <onup>105</onup>
                                <ondown>145</ondown>
                                <include>KeyboardButtons</include>
                            </control>
                            <control type="button" id="126">
                                <description>(1,6) key button</description>
                                <onup>106</onup>
                                <ondown>146</ondown>
                                <include>KeyboardButtons</include>
                            </control>
                            <control type="button" id="127">
                                <description>(1,7) key button</description>
                                <onup>107</onup>
                                <ondown>147</ondown>
                                <include>KeyboardButtons</include>
                            </control>
                            <control type="button" id="128">
                                <description>(1,8) key button</description>
                                <onup>108</onup>
                                <ondown>148</ondown>
                                <include>KeyboardButtons</include>
                            </control>
                            <control type="button" id="129">
                                <description>(1,9) key button</description>
                                <onup>109</onup>
                                <ondown>149</ondown>
                                <include>KeyboardButtons</include>
                            </control>
                            <control type="button" id="130">
                                <description>(1,10) key button</description>
                                <onup>110</onup>
                                <ondown>150</ondown>
                                <include>KeyboardButtons</include>
                            </control>
                            <control type="button" id="131">
                                <description>(1,11) key button</description>
                                <onup>111</onup>
                                <ondown>151</ondown>
                                <include>KeyboardButtons</include>
                            </control>
                        </control>
                        <!-- 3rd row -->
                        <control type="grouplist">
                            <top>160</top>
                            <orientation>horizontal</orientation>
                            <itemgap>0</itemgap>
                            <control type="radiobutton" id="303">
                                <description>CAPS LOCK button</description>
                                <width>420</width>
                                <label>20179</label>
                                <onup>302</onup>
                                <ondown>307</ondown>
                                <radioposx>335</radioposx>
                                <radioposy>31</radioposy>
                                <include>KeyboardButtons</include>
                            </control>
                            <control type="button" id="140">
                                <description>(2,0) key button</description>
                                <onup>120</onup>
                                <ondown>160</ondown>
                                <include>KeyboardButtons</include>
                            </control>
                            <control type="button" id="141">
                                <description>(2,1) key button</description>
                                <onup>121</onup>
                                <ondown>161</ondown>
                                <include>KeyboardButtons</include>
                            </control>
                            <control type="button" id="142">
                                <description>(2,2) key button</description>
                                <onup>122</onup>
                                <ondown>162</ondown>
                                <include>KeyboardButtons</include>
                            </control>
                            <control type="button" id="143">
                                <description>(2,3) key button</description>
                                <onup>123</onup>
                                <ondown>163</ondown>
                                <include>KeyboardButtons</include>
                            </control>
                            <control type="button" id="144">
                                <description>(2,4) key button</description>
                                <onup>124</onup>
                                <ondown>164</ondown>
                                <include>KeyboardButtons</include>
                            </control>
                            <control type="button" id="145">
                                <description>(2,5) key button</description>
                                <onup>125</onup>
                                <ondown>165</ondown>
                                <include>KeyboardButtons</include>
                            </control>
                            <control type="button" id="146">
                                <description>(2,6) key button</description>
                                <onup>126</onup>
                                <ondown>166</ondown>
                                <include>KeyboardButtons</include>
                            </control>
                            <control type="button" id="147">
                                <description>(2,7) key button</description>
                                <onup>127</onup>
                                <ondown>167</ondown>
                                <include>KeyboardButtons</include>
                            </control>
                            <control type="button" id="148">
                                <description>(2,8) key button</description>
                                <onup>128</onup>
                                <ondown>168</ondown>
                                <include>KeyboardButtons</include>
                            </control>
                            <control type="button" id="149">
                                <description>(2,9) key button</description>
                                <onup>129</onup>
                                <ondown>169</ondown>
                                <include>KeyboardButtons</include>
                            </control>
                            <control type="button" id="150">
                                <description>(2,10) key button</description>
                                <onup>130</onup>
                                <ondown>170</ondown>
                                <include>KeyboardButtons</include>
                            </control>
                            <control type="button" id="151">
                                <description>(2,11) key button</description>
                                <onup>131</onup>
                                <ondown>171</ondown>
                                <include>KeyboardButtons</include>
                            </control>
                        </control>
                        <!-- 4th row -->
                        <control type="grouplist">
                            <top>240</top>
                            <itemgap>0</itemgap>
                            <orientation>horizontal</orientation>
                            <control type="button" id="307">
                                <description>IP Input button</description>
                                <width>160</width>
                                <onup>303</onup>
                                <ondown>300</ondown>
                                <label>IP</label>
                                <include>KeyboardButtons</include>
                            </control>
                            <control type="radiobutton" id="304">
                                <description>Symbols button</description>
                                <width>260</width>
                                <label>@#!*</label>
                                <onup>303</onup>
                                <ondown>300</ondown>
                                <textoffsetx>32</textoffsetx>
                                <align>left</align>
                                <radioposx>175</radioposx>
                                <radioposy>31</radioposy>
                                <include>KeyboardButtons</include>
                            </control>
                            <control type="button" id="160">
                                <description>(3,0) key button</description>
                                <onup>140</onup>
                                <ondown>32</ondown>
                                <include>KeyboardButtons</include>
                            </control>
                            <control type="button" id="161">
                                <description>(3,1) key button</description>
                                <onup>141</onup>
                                <ondown>32</ondown>
                                <include>KeyboardButtons</include>
                            </control>
                            <control type="button" id="162">
                                <description>(3,2) key button</description>
                                <onup>142</onup>
                                <ondown>32</ondown>
                                <include>KeyboardButtons</include>
                            </control>
                            <control type="button" id="163">
                                <description>(3,3) key button</description>
                                <onup>143</onup>
                                <ondown>32</ondown>
                                <include>KeyboardButtons</include>
                            </control>
                            <control type="button" id="164">
                                <description>(3,4) key button</description>
                                <onup>144</onup>
                                <ondown>8</ondown>
                                <include>KeyboardButtons</include>
                            </control>
                            <control type="button" id="165">
                                <description>(3,5) key button</description>
                                <onup>145</onup>
                                <ondown>8</ondown>
                                <include>KeyboardButtons</include>
                            </control>
                            <control type="button" id="166">
                                <description>(3,6) key button</description>
                                <onup>146</onup>
                                <ondown>8</ondown>
                                <include>KeyboardButtons</include>
                            </control>
                            <control type="button" id="167">
                                <description>(3,7) key button</description>
                                <onup>147</onup>
                                <ondown>8</ondown>
                                <include>KeyboardButtons</include>
                            </control>
                            <control type="button" id="168">
                                <description>(3,8) key button</description>
                                <onup>148</onup>
                                <ondown>305</ondown>
                                <include>KeyboardButtons</include>
                            </control>
                            <control type="button" id="169">
                                <description>(3,9) key button</description>
                                <onup>149</onup>
                                <ondown>305</ondown>
                                <include>KeyboardButtons</include>
                            </control>
                            <control type="button" id="170">
                                <description>(3,10) key button</description>
                                <onup>150</onup>
                                <ondown>306</ondown>
                                <include>KeyboardButtons</include>
                            </control>
                            <control type="button" id="171">
                                <description>(3,11) key button</description>
                                <onup>151</onup>
                                <ondown>306</ondown>
                                <include>KeyboardButtons</include>
                            </control>
                        </control>
                        <!-- 5th row -->
                        <control type="grouplist">
                            <top>320</top>
                            <itemgap>0</itemgap>
                            <orientation>horizontal</orientation>
                            <control type="button" id="300">
                                <description>DONE button</description>
                                <width>420</width>
                                <label>20177</label>
                                <include>KeyboardButtons</include>
                                <onup>304</onup>
                                <ondown>309</ondown>
                            </control>
                            <control type="button" id="32">
                                <description>SPACE button</description>
                                <width>360</width>
                                <label>20182</label>
                                <include>KeyboardButtons</include>
                                <onup>161</onup>
                                <ondown>101</ondown>
                            </control>
                            <control type="button" id="8">
                                <description>BACKSPACE button</description>
                                <width>360</width>
                                <label>20181</label>
                                <onup>165</onup>
                                <ondown>105</ondown>
                                <include>KeyboardButtons</include>
                            </control>
                            <control type="button" id="305">
                                <description>previous button</description>
                                <width>90</width>
                                <label>&lt;</label>
                                <include>KeyboardButtons</include>
                                <onup>168</onup>
                                <ondown>108</ondown>
                            </control>
                            <control type="button" id="306">
                                <description>next button</description>
                                <width>90</width>
                                <label>&gt;</label>
                                <include>KeyboardButtons</include>
                                <onup>170</onup>
                                <ondown>110</ondown>
                            </control>
                        </control>
                    </control>
                </control>
            </control>
        </control>
    </controls>
</window>
