<?xml version="1.0" encoding="utf-8"?>
<window type="dialog">
    <zorder>6</zorder>
    <controls>
        <control type="group">
            <animation effect="slide" start="0,-88" end="0,0" time="200">WindowOpen</animation>
            <animation effect="slide" start="0,0" end="0,-88" time="200">WindowClose</animation>
            <posy>0</posy>
            <control type="image">
                <posx>295</posx>
                <posy>-330</posy>
                <width>1330</width>
                <height>417</height>
                <texture>common/bg_dialog.png</texture>
            </control>
            <control type="label">
                <posx>375</posx>
                <posy>0</posy>
                <height>46</height>
                <width>1170</width>
                <align>center</align>
                <font>NotificationFont</font>
                <textcolor>MainColor</textcolor>
                <label>$INFO[Control.GetLabel(401)]$INFO[Control.GetLabel(402),  •  ]</label>
            </control>
            <control type="image" id="400">
                <visible>false</visible>
                <posx>12</posx>
                <posy>312</posy>
                <width>112</width>
                <height>112</height>
                <texture>DefaultIconWarning.png</texture>
            </control>
            <control type="label" id="401">
                <posx>153</posx>
                <posy>0</posy>
                <height>40</height>
                <width>570</width>
                <font>-</font>
            </control>
            <control type="label" id="402">
                <posx>153</posx>
                <posy>40</posy>
                <height>40</height>
                <width>570</width>
                <font>-</font>
            </control>
        </control>
    </controls>
</window>
