<?xml version="1.0" encoding="utf-8"?>
<window type="dialog">
    <defaultcontrol always="true">20</defaultcontrol>
    <include>DialogOpenClose</include>
    <controls>
        <include>DimBG</include>
        <control type="group">
            <include condition="Skin.HasSetting(BlackGlassMode)+!Skin.HasSetting(DisableSlidingAnimations)">OpenCloseSlideRight</include>
            <posy>-10</posy>
            <include content="WindowClosingButton">
                <param name="id" value="0"/>
                <param name="x" value="1867"/>
                <param name="y" value="80"/>
            </include>
            <control type="image">
                <posx>3</posx>
                <posy>84</posy>
                <width>1914</width>
                <height>1020</height>
                <texture border="90">common/bg_dialog.png</texture>
            </control>
            <control type="image">
                <posx>48</posx>
                <posy>159</posy>
                <width>1824</width>
                <height>79</height>
                <texture>list/bg_facade_nofocus_top.png</texture>
            </control>
            <control type="label">
                <visible>String.IsEmpty(Window.Property(IsRadio))</visible>
                <posx>93</posx>
                <posy>136</posy>
                <height>100</height>
                <width>1734</width>
                <align>center</align>
                <font>InfoTitleFont</font>
                <textcolor>MainColor</textcolor>
                <label>$LOCALIZE[19199] - $LOCALIZE[19023]</label>
            </control>
            <control type="label">
                <visible>!String.IsEmpty(Window.Property(IsRadio))</visible>
                <posx>93</posx>
                <posy>136</posy>
                <height>100</height>
                <width>1734</width>
                <align>center</align>
                <font>InfoTitleFont</font>
                <textcolor>MainColor</textcolor>
                <label>$LOCALIZE[19199] - $LOCALIZE[19024]</label>
            </control>
            <control type="panel" id="20">
                <posx>48</posx>
                <posy>238</posy>
                <width>695</width>
                <height>781</height>
                <onleft>60</onleft>
                <onright>9002</onright>
                <onup>20</onup>
                <ondown>20</ondown>
                <pagecontrol>60</pagecontrol>
                <itemlayout width="695" height="71">
                    <control type="image">
                        <posx>0</posx>
                        <posy>0</posy>
                        <height>71</height>
                        <width>695</width>
                        <texture border="3">list/bg_facade_nofocus.png</texture>
                    </control>
                    <control type="label">
                        <posx>0</posx>
                        <height>69</height>
                        <width>80</width>
                        <align>center</align>
                        <aligny>center</aligny>
                        <font>FacadeListSubFont</font>
                        <textcolor>SublistNoFocusColor</textcolor>
                        <info>ListItem.ChannelNumberLabel</info>
                        <scroll>false</scroll>
                    </control>
                    <control type="label">
                        <posx>80</posx>
                        <height>40</height>
                        <width>585</width>
                        <font>FacadeListMainFont</font>
                        <textcolor>ListNoFocusColor</textcolor>
                        <label>$INFO[ListItem.Label]</label>
                        <scroll>false</scroll>
                    </control>
                    <control type="label">
                        <posx>80</posx>
                        <posy>37</posy>
                        <height>28</height>
                        <width>585</width>
                        <font>FacadeListSubFont</font>
                        <textcolor>SublistNoFocusColor</textcolor>
                        <label>$INFO[ListItem.Property(ClientName)]</label>
                        <scroll>false</scroll>
                    </control>
                </itemlayout>
                <focusedlayout width="695" height="71">
                    <control type="image">
                        <posx>0</posx>
                        <posy>0</posy>
                        <height>71</height>
                        <width>695</width>
                        <include>FacadeFocus</include>
                    </control>
                    <control type="label">
                        <posx>0</posx>
                        <height>69</height>
                        <width>80</width>
                        <align>center</align>
                        <aligny>center</aligny>
                        <font>FacadeListSubFont</font>
                        <textcolor>SublistFocusColor</textcolor>
                        <info>ListItem.ChannelNumberLabel</info>
                    </control>
                    <control type="label">
                        <posx>80</posx>
                        <height>40</height>
                        <width>585</width>
                        <font>FacadeListMainFont</font>
                        <textcolor>ListFocusColor</textcolor>
                        <label>$INFO[ListItem.Label]</label>
                    </control>
                    <control type="label">
                        <posx>80</posx>
                        <posy>37</posy>
                        <height>28</height>
                        <width>585</width>
                        <font>FacadeListSubFont</font>
                        <textcolor>SublistFocusColor</textcolor>
                        <label>$INFO[ListItem.Property(ClientName)]</label>
                    </control>
                </focusedlayout>
            </control>
            <control type="scrollbar" id="60">
                <posx>712</posx>
                <posy>238</posy>
                <height>781</height>
                <include>VerticalScroller</include>
                <onleft>9001</onleft>
                <onright>20</onright>
            </control>
            <control type="group">
                <posx>744</posx>
                <posy>238</posy>
                <control type="image">
                    <posx>0</posx>
                    <posy>0</posy>
                    <width>2</width>
                    <height>815</height>
                    <texture>list/bg_facade_vertical.png</texture>
                </control>
                <control type="image">
                    <posx>0</posx>
                    <posy>0</posy>
                    <height>815</height>
                    <width>375</width>
                    <texture flipx="true">list/bg_strip_horizontal_left.png</texture>
                    <colordiffuse>90ffffff</colordiffuse>
                </control>
                <control type="grouplist" id="9002">
                    <posx>0</posx>
                    <width>695</width>
                    <height>781</height>
                    <onleft>20</onleft>
                    <onright>9001</onright>
                    <onup>9002</onup>
                    <ondown>9002</ondown>
                    <itemgap>0</itemgap>
                    <control type="radiobutton" id="7">
                        <width>695</width>
                        <radioposx>591</radioposx>
                        <textwidth>533</textwidth>
                        <include>LeftMenuButton</include>
                        <label>$LOCALIZE[19074]</label>
                    </control>
                    <control type="edit" id="8">
                        <width>695</width>
                        <include>LeftMenuButton</include>
                        <label>$LOCALIZE[118]</label>
                    </control>
                    <control type="button" id="9">
                        <width>695</width>
                        <include>LeftMenuButton</include>
                        <label>$LOCALIZE[19202]</label>
                    </control>
                    <control type="radiobutton" id="12">
                        <width>695</width>
                        <radioposx>591</radioposx>
                        <textwidth>533</textwidth>
                        <include>LeftMenuButton</include>
                        <label>$LOCALIZE[19206]</label>
                    </control>
                    <control type="spincontrolex" id="13">
                        <width>695</width>
                        <include>LeftMenuButton</include>
                        <label>$LOCALIZE[19200]</label>
                    </control>
                    <control type="image" id="29">
                        <width>695</width>
                        <height>142</height>
                        <texture border="3">list/bg_facade_nofocus.png</texture>
                    </control>
                    <control type="button" id="30">
                        <width>695</width>
                        <include>LeftMenuButton</include>
                        <label>$LOCALIZE[19205]</label>
                    </control>
                    <control type="button" id="31">
                        <description>New channel Button</description>
                        <width>695</width>
                        <include>LeftMenuButton</include>
                        <label>$LOCALIZE[19204]</label>
                    </control>
                    <control type="button" id="34">
                        <visible>String.IsEmpty(Window.Property(IsRadio))</visible>
                        <width>695</width>
                        <include>LeftMenuButton</include>
                        <label>$LOCALIZE[19024]</label>
                    </control>
                    <control type="button" id="34">
                        <visible>!String.IsEmpty(Window.Property(IsRadio))</visible>
                        <width>695</width>
                        <include>LeftMenuButton</include>
                        <label>$LOCALIZE[19023]</label>
                    </control>
                </control>
            </control>
            <control type="group">
                <posx>1439</posx>
                <posy>238</posy>
                <control type="image">
                    <posx>0</posx>
                    <posy>0</posy>
                    <width>2</width>
                    <height>815</height>
                    <texture>list/bg_facade_vertical.png</texture>
                </control>
                <control type="image">
                    <posx>0</posx>
                    <posy>0</posy>
                    <height>815</height>
                    <width>375</width>
                    <texture flipx="true">list/bg_strip_horizontal_left.png</texture>
                    <colordiffuse>90ffffff</colordiffuse>
                </control>
                <control type="grouplist" id="9001">
                    <posx>0</posx>
                    <width>433</width>
                    <height>729</height>
                    <onleft>9002</onleft>
                    <onright>20</onright>
                    <onup>9001</onup>
                    <ondown>9001</ondown>
                    <itemgap>0</itemgap>
                    <control type="button" id="4">
                        <label>$LOCALIZE[186]</label>
                        <width>433</width>
                        <include>LeftMenuButton</include>
                    </control>
                    <control type="button" id="5">
                        <label>$LOCALIZE[14070]</label>
                        <width>433</width>
                        <include>LeftMenuButton</include>
                    </control>
                    <control type="button" id="6">
                        <label>$LOCALIZE[222]</label>
                        <width>433</width>
                        <include>LeftMenuButton</include>
                    </control>
                </control>
                <control type="image" id="10">
                    <posx>30</posx>
                    <posy>500</posy>
                    <width>373</width>
                    <height>293</height>
                    <aspectratio aligny="top" align="left">keep</aspectratio>
                    <include>ThumbBorder</include>
                    <texture background="true">$VAR[Thumbs]</texture>
                </control>
            </control>
        </control>
        <!-- <control type="image" id="10">
          <width>600</width>
          <height>45</height>
          <aspectratio>keep</aspectratio>
          <info>ListItem.Property(Icon)</info>
        </control>-->
    </controls>
</window>
