<?xml version="1.0" encoding="utf-8"?>
<window>
    <defaultcontrol>11</defaultcontrol>
    <coordinates>
        <system>1</system>
        <posx>0</posx>
        <posy>-73</posy>
    </coordinates>
    <include>DialogOpenClose</include>
    <controls>
        <include>DimBG</include>
        <control type="group">
            <include condition="Skin.HasSetting(BlackGlassMode)+!Skin.HasSetting(DisableSlidingAnimations)">OpenCloseSlideRight</include>
            <include content="WindowClosingButton">
                <param name="id" value="0"/>
                <param name="x" value="1637"/>
                <param name="y" value="240"/>
            </include>
            <control type="image">
                <posx>233</posx>
                <posy>244</posy>
                <width>1454</width>
                <height>739</height>
                <texture border="90">common/bg_dialog.png</texture>
            </control>
            <control type="image">
                <posx>278</posx>
                <posy>292</posy>
                <width>1364</width>
                <height>90</height>
                <texture border="3">list/bg_facade_nofocus_top.png</texture>
            </control>
            <control type="label">
                <posx>323</posx>
                <posy>323</posy>
                <height>36</height>
                <width>1274</width>
                <align>center</align>
                <font>InfoTitleFont</font>
                <textcolor>MainColor</textcolor>
                <label>$LOCALIZE[1021]</label>
            </control>
            <control type="panel" id="10">
                <posx>278</posx>
                <posy>382</posy>
                <width>931</width>
                <height>292</height>
                <onup>19</onup>
                <ondown>12</ondown>
                <onleft>11</onleft>
                <onright>60</onright>
                <scrolltime>300</scrolltime>
                <pagecontrol>60</pagecontrol>
                <itemlayout height="73" width="931">
                    <control type="image">
                        <posx>0</posx>
                        <posy>0</posy>
                        <height>73</height>
                        <width>931</width>
                        <texture border="3">list/bg_facade_nofocus.png</texture>
                    </control>
                    <control type="label">
                        <posx>45</posx>
                        <height>71</height>
                        <width>841</width>
                        <font>FacadeListMainFont</font>
                        <textcolor>ListNoFocusColor</textcolor>
                        <label>$INFO[ListItem.Label]</label>
                        <scroll>false</scroll>
                    </control>
                </itemlayout>
                <focusedlayout height="73" width="931">
                    <control type="image">
                        <posx>0</posx>
                        <posy>0</posy>
                        <height>73</height>
                        <width>931</width>
                        <include>FacadeFocus</include>
                    </control>
                    <control type="label">
                        <posx>45</posx>
                        <height>71</height>
                        <width>841</width>
                        <font>FacadeListMainFont</font>
                        <textcolor>ListFocusColor</textcolor>
                        <label>$INFO[ListItem.Label]</label>
                    </control>
                </focusedlayout>
            </control>
            <control type="scrollbar" id="60">
                <posx>1178</posx>
                <posy>382</posy>
                <height>292</height>
                <onleft>10</onleft>
                <onright>9001</onright>
                <include>VerticalScroller</include>
            </control>
            <control type="image">
                <posx>1209</posx>
                <posy>382</posy>
                <width>2</width>
                <height>292</height>
                <texture>list/bg_facade_vertical.png</texture>
            </control>
            <control type="image">
                <posx>1209</posx>
                <posy>382</posy>
                <height>291</height>
                <width>375</width>
                <texture flipx="true">list/bg_strip_horizontal_left.png</texture>
                <colordiffuse>90ffffff</colordiffuse>
            </control>
            <control type="grouplist" id="9001">
                <posx>1209</posx>
                <posy>382</posy>
                <width>433</width>
                <height>219</height>
                <itemgap>0</itemgap>
                <aligny>top</aligny>
                <align>center</align>
                <orientation>vertical</orientation>
                <control type="button" id="11">
                    <description>Button: Browse</description>
                    <width>433</width>
                    <height>73</height>
                     <include>LeftMenuButton</include>
                    <label>$LOCALIZE[1024]</label>
                    <onleft>10</onleft>
                    <onright>10</onright>
                    <onup>19</onup>
                    <ondown>13</ondown>
                </control>
                <control type="button" id="13">
                    <description>Button: Add</description>
                    <width>433</width>
                    <height>73</height>
                    <include>LeftMenuButton</include>
                    <label>$LOCALIZE[15019]</label>
                    <onleft>10</onleft>
                    <onright>10</onright>
                    <onup>11</onup>
                    <ondown>14</ondown>
                </control>
                <control type="button" id="14">
                    <description>Button: Remove</description>
                    <width>433</width>
                    <height>73</height>
                    <include>LeftMenuButton</include>
                    <label>$LOCALIZE[1210]</label>
                    <onleft>10</onleft>
                    <onright>10</onright>
                    <onup>13</onup>
                    <ondown>12</ondown>
                </control>
            </control>
            <control type="image">
                <posx>278</posx>
                <posy>595</posy>
                <width>1364</width>
                <height>79</height>
                <texture>list/bg_facade_nofocus_top.png</texture>
            </control>
            <control type="label">
                <posx>323</posx>
                <posy>680</posy>
                <width>1274</width>
                <height>40</height>
                <align>center</align>
                <font>DialogSubFont</font>
                <label>$LOCALIZE[1022]</label>
            </control>
            <control type="edit" id="12">
                <posx>323</posx>
                <posy>730</posy>
                <width>1274</width>
                <height>83</height>
                <align>center</align>
                <aligny>center</aligny>
                <texturefocus border="40">buttons/bg_button_text_focus.png</texturefocus>
                <texturenofocus border="40">buttons/bg_button_text_nofocus.png</texturenofocus>
                <label>-</label>
                <onup>10</onup>
                <onleft>12</onleft>
                <onright>12</onright>
                <ondown>19</ondown>
            </control>
            <control type="image">
                <posx>278</posx>
                <posy>750</posy>
                <width>1364</width>
                <height>79</height>
                <texture>list/bg_facade_nofocus_top.png</texture>
            </control>
            <control type="grouplist">
                <posx>278</posx>
                <posy>836</posy>
                <width>1364</width>
                <height>90</height>
                <itemgap>30</itemgap>
                <aligny>bottom</aligny>
                <align>center</align>
                <onup>12</onup>
                <ondown>10</ondown>
                <orientation>horizontal</orientation>
                <control type="button" id="19">
                    <label>$LOCALIZE[222]</label>
                    <width>395</width>
                </control>
                <control type="button" id="18">
                    <label>$LOCALIZE[186]</label>
                    <width>395</width>
                </control>
            </control>
        </control>
    </controls>
</window>
