<?xml version="1.0" encoding="utf-8"?>
<window>
    <defaultcontrol>10</defaultcontrol>
    <menucontrol>9000</menucontrol>
    <views>10,11,12,13</views>
    <onload condition="Skin.HasSetting(StopPlaybackOnMenu)">PlayerControl(stop)</onload>
    <include condition="!Skin.HasSetting(BlackGlassMode)|Skin.HasSetting(DisableSlidingAnimations)">OpenClose</include>
    <controls>
        <include>Fanart_Art</include>
        <include>Player_Show</include>
        <include>Time</include>
        <include>InfoBackground</include>
        <control type="label">
            <include condition="Skin.HasSetting(BlackGlassMode)+!Skin.HasSetting(DisableSlidingAnimations)">OpenCloseSlideRight</include>
            <visible>String.IsEmpty(Window.Property(IsRadio))</visible>
            <include>WindowTitle</include>
            <label>$LOCALIZE[31500]</label>
        </control>
        <control type="label">
            <include condition="Skin.HasSetting(BlackGlassMode)+!Skin.HasSetting(DisableSlidingAnimations)">OpenCloseSlideRight</include>
            <visible>!String.IsEmpty(Window.Property(IsRadio))</visible>
            <include>WindowTitle</include>
            <label>$LOCALIZE[19021]</label>
        </control>
        <control type="label">
            <include condition="Skin.HasSetting(BlackGlassMode)+!Skin.HasSetting(DisableSlidingAnimations)">OpenCloseSlideRight</include>
            <visible>Control.IsVisible(10)</visible>
            <include>WindowTitleSub</include>
            <label>$LOCALIZE[19032]</label>
        </control>
        <control type="label">
            <include condition="Skin.HasSetting(BlackGlassMode)+!Skin.HasSetting(DisableSlidingAnimations)">OpenCloseSlideRight</include>
            <visible>Control.IsVisible(11)</visible>
            <include>WindowTitleSub</include>
            <label>$LOCALIZE[19030]</label>
        </control>
        <control type="label">
            <include condition="Skin.HasSetting(BlackGlassMode)+!Skin.HasSetting(DisableSlidingAnimations)">OpenCloseSlideRight</include>
            <visible>Control.IsVisible(12)</visible>
            <include>WindowTitleSub</include>
            <label>$LOCALIZE[19031]</label>
        </control>
        <control type="label">
            <include condition="Skin.HasSetting(BlackGlassMode)+!Skin.HasSetting(DisableSlidingAnimations)">OpenCloseSlideRight</include>
            <visible>Control.IsVisible(13)</visible>
            <include>WindowTitleSub</include>
            <label>$LOCALIZE[19029]$INFO[Container(13).ListItem.ChannelNumberLabel,  •  ]$INFO[Container(13).ListItem.ChannelName,  •  ]</label>
        </control>
        <include>NowPlaying</include>
        <!-- BGN -->
        <control type="group">
            <include>HeaderSlideEffectTopBar</include>
            <visible>!Skin.HasSetting(BlackGlassMode)</visible>
            <animation effect="slide" tween="circle" easing="out" time="250" start="0,0" end="-2690,0" condition="Control.HasFocus(505050)">conditional</animation>
            <control type="group" id="50">
                <include condition="!Skin.HasSetting(BlackGlassMode)">GuideEPGView</include>
                <include condition="!Skin.HasSetting(BlackGlassMode)">GuideNowView</include>
                <include condition="!Skin.HasSetting(BlackGlassMode)">GuideNextView</include>
                <include condition="!Skin.HasSetting(BlackGlassMode)">GuideChannelView</include>
            </control>
            <!-- COMMON -->
            <control type="group">
                <visible>[[Control.IsVisible(11)|Control.IsVisible(12)|Control.IsVisible(13)]+String.IsEmpty(ListItem.Plot)]|
                    [control.hasfocus(60)+[Control.IsVisible(11)|Control.IsVisible(12)|Control.IsVisible(13)]]</visible>
                <include>Icon_Fade</include>
                <control type="image">
                    <posx>18</posx>
                    <posy>411</posy>
                    <width>440</width>
                    <height>654</height>
                    <include>DetatchedThumb</include>
                </control>
            </control>
        </control>
        <!-- BG -->
        <control type="group">
            <include>HeaderSlideEffectTopBar</include>
            <visible>Skin.HasSetting(BlackGlassMode)</visible>
            <control type="group">
                <animation effect="slide" tween="circle" easing="out" time="250" start="0,0" end="580,0" condition="[ControlGroup(9000).HasFocus()|Control.HasFocus(8999)]+!Skin.HasSetting(DisableSlidingAnimations)">conditional</animation>
                <animation effect="slide" tween="circle" easing="out" time="250" start="0,0" end="-2090,0" condition="Control.HasFocus(505050)">conditional</animation>
                <include condition="!Skin.HasSetting(DisableSlidingAnimations)">OpenCloseSlideRight</include>
                <control type="group" id="50">
                    <include condition="Skin.HasSetting(BlackGlassMode)">GuideEPGView_BG</include>
                    <include condition="Skin.HasSetting(BlackGlassMode)">GuideNowView_BG</include>
                    <include condition="Skin.HasSetting(BlackGlassMode)">GuideNextView_BG</include>
                    <include condition="Skin.HasSetting(BlackGlassMode)">GuideChannelView_BG</include>
                </control>
                <!-- COMMON -->
                <control type="group">
                    <visible>[ListItem.IsParentFolder+!Control.IsVisible(10)]|[[Control.IsVisible(11)|Control.IsVisible(12)|Control.IsVisible(13)]+String.IsEmpty(ListItem.Plot)]</visible>
                    <include>Icon_Fade</include>
                    <posy>37</posy>
                    <control type="image">
                        <posx>18</posx>
                        <posy>110</posy>
                        <width>568</width>
                        <height>358</height>
                        <include>DetatchedThumb</include>
                    </control>
                </control>
            </control>
        </control>
        <include>FooterInfo</include>
        <!-- SIDE MENU -->
        <include>PVRLeftMenu</include>
    </controls>
</window>
