<?xml version="1.0" encoding="utf-8"?>
<window>
    <defaultcontrol>-</defaultcontrol>
    <controls>
        <control type="group" id="0">
            <posy>50</posy>
            <control type="label" id="10">
                <left>TextMargin</left>
                <top>0</top>
                <width>1830</width>
                <height>50</height>
                <label>-</label>
                <font>NotificationFont</font>
            </control>
            <control type="label" id="11">
                <left>TextMargin</left>
                <top>50</top>
                <width>1830</width>
                <height>50</height>
                <label>-</label>
                <font>NotificationFont</font>
            </control>
            <control type="label" id="12">
                <left>TextMargin</left>
                <top>100</top>
                <width>1830</width>
                <height>50</height>
                <label>-</label>
                <font>NotificationFont</font>
            </control>
            <control type="label" id="1">
                <left>TextMargin</left>
                <top>150</top>
                <width>1830</width>
                <height>50</height>
                <label>$LOCALIZE[439]: $INFO[Player.CacheLevel]%</label>
                <font>NotificationFont</font>
            </control>
        </control>
        <control type="group" id="1">
            <!--<animation effect="slide" start="0,0" end="0,-253" time="0" condition="[Player.ShowInfo + VideoPlayer.Content(LiveTV) + Window.IsActive(fullscreenvideo)] | Window.IsActive(DialogFullScreenInfo.xml)">Conditional</animation>-->
            <visible>Player.Caching</visible>
            <include>OSDVisibleFadeEffect</include>
            <control type="image" id="1">
                <visible>Integer.IsGreater(Player.CacheLevel, 0)</visible>
                <posx>810</posx>
                <posy>390</posy>
                <width>300</width>
                <height>300</height>
                <texture>OSD/loading_inner.png</texture>
            </control>
            <control type="image" id="1">
                <posx>810</posx>
                <posy>390</posy>
                <width>300</width>
                <height>300</height>
                <texture>OSD/loading.png</texture>
                <animation effect="rotate" center="auto" start="360" end="0" time="750" loop="true" condition="true">Conditional</animation>
            </control>
            <control type="label" id="1">
                <visible>Integer.IsGreater(Player.CacheLevel, 0)</visible>
                <posx>0</posx>
                <posy>0</posy>
                <height>1080</height>
                <width>1920</width>
                <align>center</align>
                <font>OSDTitleFont</font>
                <textcolor>MainColor</textcolor>
                <label>$INFO[Player.CacheLevel, ,%]</label>
            </control>
        </control>
    </controls>
</window>
