<?xml version="1.0" encoding="utf-8"?>
<window type="dialog">
    <defaultcontrol always="true">29</defaultcontrol>
    <include>DialogOpenClose</include>
    <controls>
        <include>DimBG</include>
        <control type="group">
            <include condition="Skin.HasSetting(BlackGlassMode)+!Skin.HasSetting(DisableSlidingAnimations)">OpenCloseSlideRight</include>
            <visible>!Window.IsVisible(FileBrowser)</visible>
            <posy>-10</posy>
            <include content="WindowClosingButton">
                <param name="id" value="0"/>
                <param name="x" value="1867"/>
                <param name="y" value="80"/>
            </include>
            <control type="image">
                <posx>3</posx>
                <posy>84</posy>
                <width>1914</width>
                <height>1020</height>
                <texture border="90">common/bg_dialog.png</texture>
            </control>
            <control type="image">
                <posx>48</posx>
                <posy>159</posy>
                <width>1824</width>
                <height>79</height>
                <texture>list/bg_facade_nofocus_top.png</texture>
            </control>
            <control type="label">
                <posx>93</posx>
                <posy>121</posy>
                <height>100</height>
                <width>1734</width>
                <align>center</align>
                <font>InfoTitleFont</font>
                <textcolor>MainColor</textcolor>
                <label>$VAR[PVRGroupMgrHeader]</label>
            </control>
            <control type="group">
                <posx>48</posx>
                <posy>238</posy>
                <control type="label">
                    <posx>0</posx>
                    <posy>-43</posy>
                    <height>40</height>
                    <width>463</width>
                    <align>center</align>
                    <font>InfoTitleSubFont</font>
                    <textcolor>AlternateColor</textcolor>
                    <wrapmultiline>false</wrapmultiline>
                    <label>$LOCALIZE[19146]</label>
                </control>
                <control type="list" id="13">
                    <posx>0</posx>
                    <posy>0</posy>
                    <width>464</width>
                    <height>781</height>
                    <onup>13</onup>
                    <ondown>13</ondown>
                    <onleft>29</onleft>
                    <onright>73</onright>
                    <pagecontrol>73</pagecontrol>
                    <scrolltime>200</scrolltime>
                    <itemlayout height="71">
                        <control type="image">
                            <posx>0</posx>
                            <posy>0</posy>
                            <height>71</height>
                            <width>464</width>
                            <texture border="3">list/bg_facade_nofocus.png</texture>
                        </control>
                        <control type="label">
                            <posx>25</posx>
                            <height>69</height>
                            <width>413</width>
                            <font>FacadeListMainFont</font>
                            <textcolor>ListNoFocusColor</textcolor>
                            <label>$INFO[ListItem.Label]</label>
                            <scroll>false</scroll>
                        </control>
                    </itemlayout>
                    <focusedlayout height="71">
                        <control type="image">
                            <posx>0</posx>
                            <posy>0</posy>
                            <height>71</height>
                            <width>464</width>
                            <include>FacadeFocus</include>
                        </control>
                        <control type="label">
                            <posx>25</posx>
                            <height>69</height>
                            <width>413</width>
                            <font>FacadeListMainFont</font>
                            <textcolor>ListFocusColor</textcolor>
                            <label>$INFO[ListItem.Label]</label>
                        </control>
                    </focusedlayout>
                </control>
                <control type="scrollbar" id="73">
                    <posx>433</posx>
                    <posy>0</posy>
                    <height>781</height>
                    <include>VerticalScroller</include>
                    <onleft>13</onleft>
                    <onright>11</onright>
                    <ondown>73</ondown>
                    <onup>73</onup>
                </control>
            </control>
            <control type="group">
                <posx>513</posx>
                <posy>238</posy>
                <control type="label" id="21">
                    <posx>0</posx>
                    <posy>-43</posy>
                    <height>40</height>
                    <width>463</width>
                    <align>center</align>
                    <font>InfoTitleSubFont</font>
                    <textcolor>AlternateColor</textcolor>
                </control>
                <control type="image">
                    <posx>0</posx>
                    <posy>0</posy>
                    <width>2</width>
                    <height>815</height>
                    <texture>list/bg_facade_vertical.png</texture>
                </control>
                <control type="image">
                    <posx>0</posx>
                    <posy>0</posy>
                    <height>815</height>
                    <width>375</width>
                    <texture flipx="true">list/bg_strip_horizontal_left.png</texture>
                    <colordiffuse>90ffffff</colordiffuse>
                </control>
                <control type="panel" id="11">
                    <posx>0</posx>
                    <posy>0</posy>
                    <width>463</width>
                    <height>781</height>
                    <onup>11</onup>
                    <ondown>11</ondown>
                    <onleft>73</onleft>
                    <onright>71</onright>
                    <pagecontrol>71</pagecontrol>
                    <scrolltime>200</scrolltime>
                    <itemlayout width="463" height="71">
                        <control type="image">
                            <posx>0</posx>
                            <posy>0</posy>
                            <height>71</height>
                            <width>463</width>
                            <texture border="3">list/bg_facade_nofocus.png</texture>
                        </control>
                        <control type="label">
                            <posx>25</posx>
                            <height>69</height>
                            <width>413</width>
                            <font>FacadeListMainFont</font>
                            <textcolor>ListNoFocusColor</textcolor>
                            <label>$INFO[ListItem.ChannelNumberLabel,(,) - ]$INFO[ListItem.ChannelName]</label>
                            <scroll>false</scroll>
                        </control>
                    </itemlayout>
                    <focusedlayout width="463" height="71">
                        <control type="image">
                            <posx>0</posx>
                            <posy>0</posy>
                            <height>71</height>
                            <width>463</width>
                            <include>FacadeFocus</include>
                        </control>
                        <control type="label">
                            <posx>25</posx>
                            <height>69</height>
                            <width>413</width>
                            <font>FacadeListMainFont</font>
                            <textcolor>ListFocusColor</textcolor>
                            <label>$INFO[ListItem.ChannelNumberLabel,(,) - ]$INFO[ListItem.ChannelName]</label>
                        </control>
                    </focusedlayout>
                </control>
                <control type="scrollbar" id="71">
                    <posx>432</posx>
                    <posy>0</posy>
                    <height>781</height>
                    <include>VerticalScroller</include>
                    <onleft>11</onleft>
                    <onright>12</onright>
                    <ondown>71</ondown>
                    <onup>71</onup>
                </control>
            </control>
            <control type="group">
                <posx>976</posx>
                <posy>238</posy>
                <control type="label" id="22">
                    <posx>0</posx>
                    <posy>-43</posy>
                    <height>40</height>
                    <width>463</width>
                    <align>center</align>
                    <font>InfoTitleSubFont</font>
                    <textcolor>AlternateColor</textcolor>
                </control>
                <control type="image">
                    <posx>0</posx>
                    <posy>0</posy>
                    <width>2</width>
                    <height>815</height>
                    <texture>list/bg_facade_vertical.png</texture>
                </control>
                <control type="image">
                    <posx>0</posx>
                    <posy>0</posy>
                    <height>815</height>
                    <width>375</width>
                    <texture flipx="true">list/bg_strip_horizontal_left.png</texture>
                    <colordiffuse>90ffffff</colordiffuse>
                </control>
                <control type="panel" id="12">
                    <posx>0</posx>
                    <posy>0</posy>
                    <width>463</width>
                    <height>781</height>
                    <onup>12</onup>
                    <ondown>12</ondown>
                    <onleft>71</onleft>
                    <onright>72</onright>
                    <pagecontrol>72</pagecontrol>
                    <scrolltime>200</scrolltime>
                    <itemlayout width="463" height="71">
                        <control type="image">
                            <posx>0</posx>
                            <posy>0</posy>
                            <height>71</height>
                            <width>463</width>
                            <texture border="3">list/bg_facade_nofocus.png</texture>
                        </control>
                        <control type="label">
                            <posx>25</posx>
                            <height>69</height>
                            <width>413</width>
                            <font>FacadeListMainFont</font>
                            <textcolor>ListNoFocusColor</textcolor>
                            <label>$INFO[ListItem.ChannelNumberLabel,(,) - ]$INFO[ListItem.ChannelName]</label>
                            <scroll>false</scroll>
                        </control>
                    </itemlayout>
                    <focusedlayout width="463" height="71">
                        <control type="image">
                            <posx>0</posx>
                            <posy>0</posy>
                            <height>71</height>
                            <width>463</width>
                            <include>FacadeFocus</include>
                        </control>
                        <control type="label">
                            <posx>25</posx>
                            <height>69</height>
                            <width>413</width>
                            <font>FacadeListMainFont</font>
                            <textcolor>ListFocusColor</textcolor>
                            <label>$INFO[ListItem.ChannelNumberLabel,(,) - ]$INFO[ListItem.ChannelName]</label>
                        </control>
                    </focusedlayout>
                </control>
                <control type="scrollbar" id="72">
                    <posx>432</posx>
                    <posy>0</posy>
                    <height>781</height>
                    <include>VerticalScroller</include>
                    <onleft>12</onleft>
                    <onright>26</onright>
                    <ondown>72</ondown>
                    <onup>72</onup>
                </control>
            </control>
            <control type="group">
                <posx>1439</posx>
                <posy>238</posy>
                <control type="image">
                    <posx>0</posx>
                    <posy>0</posy>
                    <width>2</width>
                    <height>815</height>
                    <texture>list/bg_facade_vertical.png</texture>
                </control>
                <control type="image">
                    <posx>0</posx>
                    <posy>0</posy>
                    <height>815</height>
                    <width>375</width>
                    <texture flipx="true">list/bg_strip_horizontal_left.png</texture>
                    <colordiffuse>90ffffff</colordiffuse>
                </control>
                <control type="grouplist" id="9000">
                    <posx>0</posx>
                    <width>433</width>
                    <height>729</height>
                    <onleft>12</onleft>
                    <onright>9000</onright>
                    <onup>9000</onup>
                    <ondown>9000</ondown>
                    <itemgap>0</itemgap>
                    <control type="button" id="26">
                        <description>Add Group</description>
                        <width>433</width>
                        <include>LeftMenuButton</include>
                        <label>$LOCALIZE[31503]</label>
                    </control>
                    <control type="button" id="27">
                        <description>Rename Group</description>
                        <width>433</width>
                        <include>LeftMenuButton</include>
                        <label>$LOCALIZE[31504]</label>
                    </control>
                    <control type="radiobutton" id="25">
                        <description>Hide Group</description>
                        <width>433</width>
                        <radioposx>349</radioposx>
                        <include>LeftMenuButton</include>
                        <label>$LOCALIZE[19289]</label>
                    </control>
                    <control type="button" id="28">
                        <description>Delete Group</description>
                        <width>433</width>
                        <include>LeftMenuButton</include>
                        <label>$LOCALIZE[31505]</label>
                    </control>
                    <control type="togglebutton" id="34">
                        <description>TV/Radio toggle</description>
                        <include>LeftMenuButton</include>
                        <label>$LOCALIZE[19174]</label>
                        <altlabel>$LOCALIZE[19173]</altlabel>
                    </control>
                    <control type="button" id="29">
                        <description>OK</description>
                        <width>433</width>
                        <include>LeftMenuButton</include>
                        <label>$LOCALIZE[186]</label>
                    </control>
                </control>
                <control type="image" id="10">
                    <visible>Control.hasfocus(12)</visible>
                    <posx>30</posx>
                    <posy>500</posy>
                    <width>373</width>
                    <height>293</height>
                    <aspectratio aligny="top" align="left">keep</aspectratio>
                    <include>ThumbBorder</include>
                    <texture background="true">$INFO[Container(12).ListItem.Icon]</texture>
                </control>
                <control type="image" id="10">
                    <visible>Control.hasfocus(11)</visible>
                    <posx>30</posx>
                    <posy>500</posy>
                    <width>373</width>
                    <height>293</height>
                    <aspectratio aligny="top" align="left">keep</aspectratio>
                    <include>ThumbBorder</include>
                    <texture background="true">$INFO[Container(11).ListItem.Icon]</texture>
                </control>
            </control>
        </control>
        <control type="label" id="20">
            <description>Fake Label used to pass on name label</description>
            <visible>false</visible>
        </control>
    </controls>
</window>
