<?xml version="1.0" encoding="utf-8"?>
<window>
    <defaultcontrol always="true">100</defaultcontrol>
    <include>OSDFade</include>
    <controls>
        <control type="group">
            <visible>![
                Window.IsVisible(GameVideoFilter) |
                Window.IsVisible(DialogSelect.xml) |
                Window.IsVisible(SliderDialog) |
                Window.IsVisible(OSDVideoSettings) |
                Window.IsVisible(OSDAudioSettings) |
                Window.IsVisible(GameViewMode) |
                Window.IsVisible(GameControllers) |
                Window.IsVisible(DialogAddonSettings.xml)
                ]</visible>
            <include>OSDFade</include>
            <posx>0</posx>
            <posy>0</posy>
            <control type="image">
                <posx>-150</posx>
                <posy>-3</posy>
                <texture>common/basichome_upper_gradient.png</texture>
                <width>2220</width>
                <height>440</height>
            </control>
            <control type="image">
                <posx>-150</posx>
                <posy>-3</posy>
                <texture>common/basichome_upper_gradient.png</texture>
                <width>2220</width>
                <height>440</height>
            </control>
            <control type="image">
                <posx>-15</posx>
                <posy>0</posy>
                <width>1950</width>
                <height>54</height>
                <texture flipy="true" border="3">OSD/osd_progress_background.png</texture>
            </control>
            <control type="label">
                <posx>20</posx>
                <posy>0</posy>
                <height>50</height>
                <width>50</width>
                <align>left</align>
                <aligny>center</aligny>
                <font>OSDFontAwesome</font>
                <shadowcolor>ShadowColor</shadowcolor>
                <label></label>
            </control>
            <control type="label">
                <posx>64</posx>
                <posy>0</posy>
                <width>1370</width>
                <height>52</height>
                <align>left</align>
                <aligny>center</aligny>
                <font>OSDFont</font>
                <shadowcolor>ShadowColor</shadowcolor>
                <label>$LOCALIZE[35221]$INFO[VideoPlayer.Title,: ]</label>
            </control>
            <control type="label">
                <posx>1855</posx>
                <posy>0</posy>
                <width>500</width>
                <height>52</height>
                <align>right</align>
                <aligny>center</aligny>
                <font>OSDFont</font>
                <shadowcolor>ShadowColor</shadowcolor>
                <label>$INFO[System.Time]</label>
            </control>
            <control type="label">
                <posx>1899</posx>
                <posy>0</posy>
                <height>50</height>
                <width>50</width>
                <align>right</align>
                <aligny>center</aligny>
                <font>OSDFontAwesome</font>
                <shadowcolor>ShadowColor</shadowcolor>
                <label></label>
            </control>
            <control type="grouplist" id="100">
                <posx>0</posx>
                <posy>65</posy>
                <width>1920</width>
                <onup>100</onup>
                <ondown>101</ondown>
                <orientation>horizontal</orientation>
                <itemgap>10</itemgap>
                <align>center</align>
                <control type="button" id="704">
                    <include>TopBarButton</include>
                    <texturefocus colordiffuse="$VAR[Picked.Highlight.Color]">topbar/topbar_back_focus.png</texturefocus>
                    <texturenofocus>topbar/topbar_back_nofocus.png</texturenofocus>
                    <onclick>Dialog.Close(all,true)</onclick>
                    <onclick>Back</onclick>
                </control>
                <control type="button" id="705">
                    <include>TopBarButton</include>
                    <texturefocus colordiffuse="$VAR[Picked.Highlight.Color]">topbar/topbar_home_focus.png</texturefocus>
                    <texturenofocus>topbar/topbar_home_nofocus.png</texturenofocus>
                    <onclick>Dialog.Close(all,true)</onclick>
                    <onclick>Back</onclick>
                    <onclick>ActivateWindow(Home)</onclick>
                </control>
                <control type="button" id="1010">
                    <description>Pause / Resume button</description>
                    <texturefocus colordiffuse="$VAR[Picked.Highlight.Color]">topbar/topbar_play_pause_focus.png</texturefocus>
                    <texturenofocus>topbar/topbar_play_pause_nofocus.png</texturenofocus>
                    <include>TopBarButton</include>
                    <onclick>Play</onclick>
                </control>
                <control type="button" id="1020">
                    <description>Reset button</description>
                    <texturefocus colordiffuse="$VAR[Picked.Highlight.Color]">topbar/topbar_restart_focus.png</texturefocus>
                    <texturenofocus>topbar/topbar_restart_nofocus.png</texturenofocus>
                    <include>TopBarButton</include>
                    <onclick>PlayerControl(Reset)</onclick>
                </control>
                <control type="button" id="1030">
                    <description>Stop button</description>
                    <texturefocus colordiffuse="$VAR[Picked.Highlight.Color]">topbar/topbar_stop_focus.png</texturefocus>
                    <texturenofocus>topbar/topbar_stop_nofocus.png</texturenofocus>
                    <include>TopBarButton</include>
                    <onclick>Stop</onclick>
                </control>
                <control type="button" id="1616">
                    <visible>!Player.Muted</visible>
                    <include>TopBarButton</include>
                    <texturefocus colordiffuse="$VAR[Picked.Highlight.Color]">topbar/topbar_volume_mute_focus.png</texturefocus>
                    <texturenofocus>topbar/topbar_volume_mute_nofocus.png</texturenofocus>
                    <onclick>Mute</onclick>
                </control>
                <control type="button" id="16161">
                    <visible>Player.Muted</visible>
                    <include>TopBarButton</include>
                    <texturefocus colordiffuse="red">topbar/topbar_volume_mute_focus.png</texturefocus>
                    <texturenofocus colordiffuse="red">topbar/topbar_volume_mute_nofocus.png</texturenofocus>
                    <onclick>Mute</onclick>
                </control>
                <control type="button" id="1618">
                    <include>TopBarButton</include>
                    <texturefocus colordiffuse="$VAR[Picked.Highlight.Color]">topbar/topbar_volume_down_focus.png</texturefocus>
                    <texturenofocus>topbar/topbar_volume_down_nofocus.png</texturenofocus>
                    <onclick>VolumeDown</onclick>
                </control>
                <control type="button" id="1620">
                    <include>TopBarButton</include>
                    <texturefocus colordiffuse="$VAR[Picked.Highlight.Color]">topbar/topbar_volume_up_focus.png</texturefocus>
                    <texturenofocus>topbar/topbar_volume_up_nofocus.png</texturenofocus>
                    <onclick>VolumeUp</onclick>
                </control>
                <control type="button" id="1623">
                    <include>TopBarButton</include>
                    <texturefocus colordiffuse="$VAR[Picked.Highlight.Color]">topbar/topbar_smallscreen_focus.png</texturefocus>
                    <texturenofocus>topbar/topbar_smallscreen_nofocus.png</texturenofocus>
                    <onclick>Dialog.Close(all,true)</onclick>
                    <onclick>Back</onclick>
                </control>
                <control type="button" id="1624">
                    <include>TopBarButton</include>
                    <texturefocus colordiffuse="$VAR[Picked.Highlight.Color]">topbar/topbar_settings_focus.png</texturefocus>
                    <texturenofocus>topbar/topbar_settings_nofocus.png</texturenofocus>
                    <onclick>Dialog.Close(all,true)</onclick>
                    <onclick>ActivateWindow(Settings,return)</onclick>
                </control>
                <control type="button" id="1626">
                    <include>TopBarButton</include>
                    <texturefocus colordiffuse="$VAR[Picked.Highlight.Color]">topbar/topbar_shutdown_focus.png</texturefocus>
                    <texturenofocus>topbar/topbar_shutdown_nofocus.png</texturenofocus>
                    <onclick>ActivateWindow(shutdownmenu)</onclick>
                </control>
            </control>
            <control type="grouplist" id="101">
                <posx>0</posx>
                <posy>139</posy>
                <width>1920</width>
                <onup>100</onup>
                <ondown>101</ondown>
                <orientation>horizontal</orientation>
                <itemgap>10</itemgap>
                <align>center</align>
                <!--***-->
                <!--<control type="button" id="251">-->
                <!--<label></label>-->
                <!--<include>TopBarButton</include>-->
                <!--<onclick>ActivateWindow(OSDVideoSettings)</onclick>-->
                <!--</control>-->
                <!--<control type="button" id="252">-->
                <!--<label></label>-->
                <!--<include>TopBarButton</include>-->
                <!--<onclick>ActivateWindow(OSDAudioSettings)</onclick>-->
                <!--</control>-->
                <control type="button" id="1040">
                    <description>Video filter button</description>
                    <texturefocus colordiffuse="$VAR[Picked.Highlight.Color]">topbar/topbar_shader_focus.png</texturefocus>
                    <texturenofocus>topbar/topbar_shader_nofocus.png</texturenofocus>
                    <include>TopBarButton</include>
                    <onclick>ActivateWindow(GameVideoFilter)</onclick>
                </control>
                <control type="button" id="1050">
                    <description>View mode button</description>
                    <texturefocus colordiffuse="$VAR[Picked.Highlight.Color]">topbar/topbar_video_settings_focus.png</texturefocus>
                    <texturenofocus>topbar/topbar_video_settings_nofocus.png</texturenofocus>
                    <include>TopBarButton</include>
                    <onclick>ActivateWindow(GameViewMode)</onclick>
                </control>
                <control type="button" id="1060">
                    <description>Input settings button</description>
                    <texturefocus colordiffuse="$VAR[Picked.Highlight.Color]">topbar/topbar_gamepad_focus.png</texturefocus>
                    <texturenofocus>topbar/topbar_gamepad_nofocus.png</texturenofocus>
                    <include>TopBarButton</include>
                    <onclick>ActivateWindow(GameControllers)</onclick>
                </control>
            </control>
            <control type="image">
                <posx>0</posx>
                <posy>55</posy>
                <width>1920</width>
                <height>73</height>
                <texture border="3">list/bg_facade_nofocus_top.png</texture>
            </control>
            <control type="image">
                <posx>0</posx>
                <posy>130</posy>
                <width>1920</width>
                <height>73</height>
                <texture border="3">list/bg_facade_nofocus_top.png</texture>
            </control>
            <control type="label">
                <posx>0</posx>
                <posy>203</posy>
                <width>1920</width>
                <height>50</height>
                <align>center</align>
                <aligny>center</aligny>
                <font>NotificationFont</font>
                <textcolor>AlternateColor</textcolor>
                <label>$VAR[TopbarGameOSDLabel]</label>
            </control>
        </control>
    </controls>
</window>
