<?xml version="1.0" encoding="utf-8"?>
<window>
    <defaultcontrol always="true">50</defaultcontrol>
    <onload condition="Skin.HasSetting(StopPlaybackOnMenu)">PlayerControl(stop)</onload>
    <include condition="!Skin.HasSetting(BlackGlassMode)|Skin.HasSetting(DisableSlidingAnimations)">OpenClose</include>
    <views>50</views>
    <controls>
        <include>Fanart_Art</include>
        <include>Player_Show</include>
        <include>Time</include>
        <control type="label">
            <visible>Window.IsVisible(videoplaylist)</visible>
            <include condition="Skin.HasSetting(BlackGlassMode)+!Skin.HasSetting(DisableSlidingAnimations)">OpenCloseSlideRight</include>
            <include>WindowTitle</include>
            <label>$LOCALIZE[3]</label>
        </control>
        <control type="label">
            <visible>Window.IsVisible(musicplaylist)</visible>
            <include condition="Skin.HasSetting(BlackGlassMode)+!Skin.HasSetting(DisableSlidingAnimations)">OpenCloseSlideRight</include>
            <include>WindowTitle</include>
            <label>$LOCALIZE[2]</label>
        </control>
        <control type="label">
            <include condition="Skin.HasSetting(BlackGlassMode)+!Skin.HasSetting(DisableSlidingAnimations)">OpenCloseSlideRight</include>
            <include>WindowTitleSub</include>
            <label>$VAR[GlobalSubTitles]</label>
        </control>
        <include>NowPlaying</include>
        <control type="group">
            <include>HeaderSlideEffectTopBar</include>
            <include condition="Skin.HasSetting(BlackGlassMode)+!Skin.HasSetting(DisableSlidingAnimations)">OpenCloseSlideRight</include>
            <posy>-154</posy>
            <include content="WindowClosingButton">
                <param name="id" value="0"/>
                <param name="x" value="1637"/>
                <param name="y" value="240"/>
            </include>
            <control type="image">
                <posx>233</posx>
                <posy>244</posy>
                <width>1454</width>
                <height>959</height>
                <texture border="90">common/bg_dialog.png</texture>
            </control>
            <control type="image">
                <posx>278</posx>
                <posy>292</posy>
                <width>1364</width>
                <height>90</height>
                <texture border="3">list/bg_facade_nofocus_top.png</texture>
            </control>
            <control type="label">
                <posx>323</posx>
                <posy>323</posy>
                <height>36</height>
                <width>1274</width>
                <align>center</align>
                <font>InfoTitleFont</font>
                <textcolor>MainColor</textcolor>
                <label>$LOCALIZE[559]</label>
            </control>
            <control type="panel" id="50">
                <posx>278</posx>
                <posy>382</posy>
                <width>931</width>
                <height>730</height>
                <pagecontrol>60</pagecontrol>
                <scrolltime>200</scrolltime>
                <onleft>60</onleft>
                <onright>9001</onright>
                <onup>450</onup>
                <ondown>450</ondown>
                <itemlayout height="73" width="931">
                    <control type="image">
                        <posx>0</posx>
                        <posy>0</posy>
                        <height>73</height>
                        <width>931</width>
                        <texture border="3">list/bg_facade_nofocus.png</texture>
                    </control>
                    <control type="label">
                        <posx>25</posx>
                        <height>42</height>
                        <width>876</width>
                        <font>FacadeListMainFont</font>
                        <textcolor>ListNoFocusColor</textcolor>
                        <label>$INFO[ListItem.Label]</label>
                        <scroll>false</scroll>
                    </control>
                    <control type="label">
                        <posx>25</posx>
                        <posy>39</posy>
                        <height>28</height>
                        <width>876</width>
                        <font>FacadeListSubFont</font>
                        <textcolor>SublistNoFocusColor</textcolor>
                        <label>$INFO[ListItem.Duration,, $LOCALIZE[31297]]</label>
                        <scroll>false</scroll>
                    </control>
                </itemlayout>
                <focusedlayout height="73" width="931">
                    <control type="image">
                        <posx>0</posx>
                        <posy>0</posy>
                        <height>73</height>
                        <width>931</width>
                        <include>FacadeFocus</include>
                    </control>
                    <control type="label">
                        <posx>25</posx>
                        <height>42</height>
                        <width>876</width>
                        <font>FacadeListMainFont</font>
                        <textcolor>ListFocusColor</textcolor>
                        <label>$INFO[ListItem.Label]</label>
                    </control>
                    <control type="label">
                        <posx>25</posx>
                        <posy>39</posy>
                        <height>28</height>
                        <width>876</width>
                        <font>FacadeListSubFont</font>
                        <textcolor>SublistFocusColor</textcolor>
                        <label>$INFO[ListItem.Duration,, $LOCALIZE[31297]]</label>
                    </control>
                </focusedlayout>
            </control>
            <control type="scrollbar" id="60">
                <posx>1178</posx>
                <posy>382</posy>
                <height>730</height>
                <include>VerticalScroller</include>
                <onleft>50</onleft>
                <onright>50</onright>
            </control>
            <control type="image">
                <posx>1209</posx>
                <posy>382</posy>
                <width>2</width>
                <height>771</height>
                <texture>list/bg_facade_vertical.png</texture>
            </control>
            <control type="image">
                <posx>1209</posx>
                <posy>382</posy>
                <height>771</height>
                <width>375</width>
                <texture flipx="true">list/bg_strip_horizontal_left.png</texture>
                <colordiffuse>90ffffff</colordiffuse>
            </control>
            <control type="grouplist" id="9001">
                <posx>1209</posx>
                <posy>382</posy>
                <width>433</width>
                <height>365</height>
                <itemgap>0</itemgap>
                <orientation>vertical</orientation>
                <onleft>50</onleft>
                <onright>61</onright>
                <onup>noop</onup>
                <ondown>noop</ondown>
                <pagecontrol>61</pagecontrol>
                <scrolltime>200</scrolltime>
                <control type="radiobutton" id="20">
                    <width>433</width>
                    <height>73</height>
                    <align>left</align>
                    <!-- <textoffsetx>30</textoffsetx> -->
                    <textwidth>287</textwidth>
                    <radioposx>345</radioposx>
                    <!-- <font>SmallButtonFont</font> -->
                    <include>LeftMenuButton</include>
                    <label>$LOCALIZE[191]</label>
                </control>
                <control type="button" id="21">
                    <width>433</width>
                    <height>73</height>
                    <include>LeftMenuButton</include>
                    <label>$LOCALIZE[190]</label>
                </control>
                <control type="button" id="22">
                    <width>433</width>
                    <height>73</height>
                    <include>LeftMenuButton</include>
                    <label>$LOCALIZE[192]</label>
                </control>
                <control type="button" id="26">
                    <width>433</width>
                    <height>73</height>
                    <include>LeftMenuButton</include>
                    <label>$LOCALIZE[486]</label>
                </control>
                <control type="button" id="3">
                    <width>433</width>
                    <height>73</height>
                    <include>LeftMenuButton</include>
                </control>
                <control type="togglebutton" id="4">
                    <width>433</width>
                    <height>73</height>
                    <include>LeftMenuButton</include>
                    <label>$LOCALIZE[21429]:  $LOCALIZE[21430]</label>
                    <altlabel>$LOCALIZE[21429]:  $LOCALIZE[21431]</altlabel>
                </control>
            </control>
            <control type="scrollbar" id="61">
                <posx>1611</posx>
                <posy>382</posy>
                <height>365</height>
                <include>VerticalScroller</include>
                <onleft>9001</onleft>
                <onright>9001</onright>
            </control>
            <!-- CDART VIDEO -->
            <include content="DiscArt">
                <param name="visible" value="!String.IsEmpty(ListItem.Thumb)+[Container.content(movies)|Container.content(MusicVideos)]"/>
                <param name="x" value="1385"/>
                <param name="y" value="792"/>
                <param name="width" value="316"/>
                <param name="height" value="316"/>
                <param name="texture" value="$VAR[VideoCdArt]"/>
            </include>
            <include content="DiscArt">
                <param name="visible" value="!String.IsEmpty(ListItem.Thumb)+[Container.content(albums)|Container.content(songs)]"/>
                <param name="x" value="1385"/>
                <param name="y" value="792"/>
                <param name="width" value="316"/>
                <param name="height" value="316"/>
                <param name="texture" value="$VAR[MusicCdArt]"/>
            </include>
            <control type="image">
                <posx>1242</posx>
                <posy>765</posy>
                <width>370</width>
                <height>370</height>
                <include>EpisodeThumb</include>
                <include>ThumbBorder</include>
            </control>
            <control type="label">
                <posx>1179</posx>
                <posy>1100</posy>
                <width>876</width>
                <align>right</align>
                <font>LeftMenuTitleFont</font>
                <textcolor>60ffffff</textcolor>
                <label>$INFO[Container(50).NumItems, , $LOCALIZE[31025]]$INFO[Container(50).TotalTime, - ]</label>
            </control>
        </control>
    </controls>
</window>
