<?xml version="1.0" encoding="utf-8"?>
<window>
    <backgroundcolor>0</backgroundcolor>
    <defaultcontrol always="true">3</defaultcontrol>
    <animation effect="fade" time="150" condition="![Window.Previous(Settings.xml)|Window.Previous(SkinSettings.xml)]">WindowOpen</animation>
    <animation effect="fade" time="150" condition="![Window.Next(Settings.xml)|Window.Next(SkinSettings.xml)]">WindowClose</animation>
    <controls>
        <include>Fanart_Art</include>
        <include>Player_Show</include>
        <include>Time</include>
        <control type="label">
            <include condition="Skin.HasSetting(BlackGlassMode)+!Skin.HasSetting(DisableSlidingAnimations)">OpenCloseSlideRight</include>
            <include>WindowTitle</include>
            <label>$LOCALIZE[5]</label>
        </control>
        <control type="label">
            <include condition="Skin.HasSetting(BlackGlassMode)+!Skin.HasSetting(DisableSlidingAnimations)">OpenCloseSlideRight</include>
            <include>WindowTitleSub</include>
            <label>$INFO[Control.GetLabel(2)]</label>
        </control>
        <include>NowPlaying</include>
        <control type="group">
            <include>HeaderSlideEffectTopBar</include>
            <include condition="Skin.HasSetting(BlackGlassMode)+!Skin.HasSetting(DisableSlidingAnimations)">OpenCloseSlideRight</include>
            <posy>-189</posy>
            <include content="WindowClosingButton">
                <param name="id" value="0"/>
                <param name="x" value="1787"/>
                <param name="y" value="240"/>
            </include>
            <control type="image">
                <posx>83</posx>
                <posy>244</posy>
                <width>1754</width>
                <height>1029</height>
                <texture border="90">common/bg_dialog.png</texture>
            </control>
            <control type="image">
                <posx>128</posx>
                <posy>292</posy>
                <width>1664</width>
                <height>90</height>
                <texture border="3">list/bg_facade_nofocus_top.png</texture>
            </control>
            <control type="label" id="2">
                <posx>173</posx>
                <posy>323</posy>
                <height>36</height>
                <width>1574</width>
                <align>center</align>
                <font>InfoTitleFont</font>
                <textcolor>MainColor</textcolor>
            </control>
            <control type="image">
                <posx>1359</posx>
                <posy>382</posy>
                <width>2</width>
                <height>841</height>
                <texture>list/bg_facade_vertical.png</texture>
            </control>
            <control type="image">
                <posx>1359</posx>
                <posy>382</posy>
                <height>841</height>
                <width>375</width>
                <texture flipx="true">list/bg_strip_horizontal_left.png</texture>
                <colordiffuse>90ffffff</colordiffuse>
            </control>
            <control type="grouplist" id="3">
                <posx>1359</posx>
                <posy>382</posy>
                <width>433</width>
                <height>639</height>
                <itemgap>0</itemgap>
                <onleft>5</onleft>
                <onright>5</onright>
                <onup>3</onup>
                <ondown>20</ondown>
                <orientation>vertical</orientation>
                <pagecontrol>61</pagecontrol>
            </control>
            <control type="button" id="10">
                <include>LeftMenuButton</include>
            </control>
            <control type="scrollbar" id="61">
                <posx>1761</posx>
                <posy>382</posy>
                <height>639</height>
                <onleft>3</onleft>
                <onright>3</onright>
                <include>VerticalScroller</include>
            </control>
            <control type="grouplist" id="5">
                <posx>128</posx>
                <posy>382</posy>
                <width>1231</width>
                <height>639</height>
                <itemgap>0</itemgap>
                <onleft>5</onleft>
                <onright>60</onright>
                <onup>5</onup>
                <ondown>5</ondown>
                <pagecontrol>60</pagecontrol>
                <orientation>vertical</orientation>
            </control>
            <control type="image">
                <posx>128</posx>
                <posy>1021</posy>
                <height>8</height>
                <width>1231</width>
                <texture>list/bg_facade_separator.png</texture>
            </control>
            <control type="textbox" id="6">
                <visible>ControlGroup(5).HasFocus()</visible>
                <posx>173</posx>
                <posy>1045</posy>
                <width>1141</width>
                <height>160</height>
                <align>justify</align>
                <font>InfoPlotFont</font>
                <autoscroll time="3000" delay="4000" repeat="5000">true</autoscroll>
            </control>
            <control type="button" id="7">
                <description>Default Button</description>
                <width>1231</width>
                <include>LeftMenuButton</include>
            </control>
            <control type="radiobutton" id="8">
                <description>Default RadioButton</description>
                <width>1231</width>
                <radioposx>1128</radioposx>
                <textwidth>1070</textwidth>
                <include>LeftMenuButton</include>
            </control>
            <control type="spincontrolex" id="9">
                <description>Default SpinControlex</description>
                <width>1231</width>
                <include>LeftMenuButton</include>
            </control>
            <control type="sliderex" id="13">
                <description>Default Slider</description>
                <width>1231</width>
                <include>LeftMenuButton</include>
            </control>
            <control type="image" id="11">
                <description>separator image</description>
                <width>1231</width>
                <height>8</height>
                <texture>list/bg_facade_separator.png</texture>
            </control>
            <control type="label" id="14">
                <description>Default Label</description>
                <label></label>
                <width>1231</width>
                <textoffsety>40</textoffsety>
                <aligny>top</aligny>
                <font>LeftMenuTitleFont</font>
                <textcolor>AlternateColor</textcolor>
                <include>LeftMenuButton</include>
            </control>
            <control type="label">
                <posx>1359</posx>
                <posy>1054</posy>
                <width>433</width>
                <font>LeftMenuTitleFont</font>
                <include>LeftMenuButton</include>
                <label>$LOCALIZE[31049]</label>
            </control>
            <control type="image">
                <posx>1359</posx>
                <posy>1039</posy>
                <height>73</height>
                <width>433</width>
                <texture border="3">list/bg_facade_nofocus.png</texture>
            </control>
            <control type="button" id="20">
                <posx>1359</posx>
                <posy>1112</posy>
                <width>433</width>
                <include>LeftMenuButton</include>
                <onleft>5</onleft>
                <onright>5</onright>
                <onup>3</onup>
                <ondown>noop</ondown>
                <onclick>SettingsLevelChange</onclick>
            </control>
            <control type="scrollbar" id="60">
                <posx>1328</posx>
                <posy>382</posy>
                <height>639</height>
                <include>VerticalScroller</include>
                <onleft>5</onleft>
                <onright>3</onright>
            </control>
        </control>
    </controls>
</window>
