<?xml version="1.0" encoding="UTF-8"?>
<window>
    <defaultcontrol>3</defaultcontrol>
    <include>DialogOpenClose</include>
    <controls>
        <!-- <include>DimBG</include> -->
        <control type="group">
            <include condition="Skin.HasSetting(BlackGlassMode)+!Skin.HasSetting(DisableSlidingAnimations)">OpenCloseSlideRight</include>
            <posy>-189</posy>
            <include content="WindowClosingButton">
                <param name="id" value="0"/>
                <param name="x" value="1787"/>
                <param name="y" value="240"/>
            </include>
            <control type="image">
                <posx>83</posx>
                <posy>244</posy>
                <width>1754</width>
                <height>1029</height>
                <texture border="90">common/bg_dialog.png</texture>
            </control>
            <control type="image">
                <posx>128</posx>
                <posy>302</posy>
                <width>1664</width>
                <height>90</height>
                <texture border="3">list/bg_facade_nofocus_top.png</texture>
            </control>
            <control type="label" id="2">
                <posx>173</posx>
                <posy>320</posy>
                <height>36</height>
                <width>1574</width>
                <align>center</align>
                <font>InfoTitleFont</font>
                <textcolor>MainColor</textcolor>
                <label>$LOCALIZE[35058]</label>
            </control>
            <control type="image">
                <posx>608</posx>
                <posy>392</posy>
                <width>2</width>
                <height>710</height>
                <texture>list/bg_facade_vertical.png</texture>
            </control>
            <control type="image">
                <posx>608</posx>
                <posy>392</posy>
                <height>710</height>
                <width>375</width>
                <texture flipx="true">list/bg_strip_horizontal_left.png</texture>
                <colordiffuse>90ffffff</colordiffuse>
            </control>
            <control type="image">
                <posx>1312</posx>
                <posy>392</posy>
                <width>2</width>
                <height>710</height>
                <texture>list/bg_facade_vertical.png</texture>
            </control>
            <control type="image">
                <posx>1312</posx>
                <posy>392</posy>
                <height>710</height>
                <width>375</width>
                <texture flipx="true">list/bg_strip_horizontal_left.png</texture>
                <colordiffuse>90ffffff</colordiffuse>
            </control>
            <!-- SIDE MENU -->
            <control type="group">
                <posy>352</posy>
                <control type="label">
                    <posx>128</posx>
                    <posy>0</posy>
                    <height>40</height>
                    <width>480</width>
                    <align>center</align>
                    <font>InfoTitleSubFont</font>
                    <textcolor>AlternateColor</textcolor>
                    <wrapmultiline>false</wrapmultiline>
                    <label>$LOCALIZE[35050]</label>
                </control>
                <control type="grouplist" id="3">
                    <description>Controller profiles grouplist</description>
                    <posx>128</posx>
                    <posy>40</posy>
                    <width>480</width>
                    <height>710</height>
                    <onright>5</onright>
                    <ondown>9001</ondown>
                    <onleft>9001</onleft>
                    <itemgap>0</itemgap>
                    <include>DialogMenuButtonGroup</include>
                </control>
                <control type="button" id="10">
                    <description>Default controller button</description>
                    <width>480</width>
                    <include>LeftMenuButton</include>
                </control>
            </control>
            <control type="gamecontroller" id="31">
                <posx>658</posx>
                <posy>402</posy>
                <width>604</width>
                <height>360</height>
            </control>
            <control type="group">
                <posx>1312</posx>
                <posy>352</posy>
                <control type="label">
                    <posx>0</posx>
                    <posy>0</posy>
                    <height>40</height>
                    <width>480</width>
                    <align>center</align>
                    <font>InfoTitleSubFont</font>
                    <textcolor>AlternateColor</textcolor>
                    <wrapmultiline>false</wrapmultiline>
                    <label>$LOCALIZE[35059]</label>
                </control>
                <control type="grouplist" id="5">
                    <description>Features grouplist</description>
                    <posx>0</posx>
                    <posy>40</posy>
                    <height>710</height>
                    <width>480</width>
                    <onleft>3</onleft>
                    <onright>61</onright>
                    <onup>5</onup>
                    <ondown>5</ondown>
                    <itemgap>0</itemgap>
                    <pagecontrol>61</pagecontrol>
                </control>
                <control type="scrollbar" id="61">
                    <posx>449</posx>
                    <posy>40</posy>
                    <height>710</height>
                    <onleft>5</onleft>
                    <onright>9001</onright>
                    <include>VerticalScroller</include>
                </control>
                <control type="button" id="7">
                    <description>Default feature button</description>
                    <include>LeftMenuButton</include>
                </control>
                <control type="label" id="8">
                    <width>480</width>
                    <textoffsety>40</textoffsety>
                    <aligny>top</aligny>
                    <font>LeftMenuTitleFont</font>
                    <textcolor>AlternateColor</textcolor>
                    <include>LeftMenuButton</include>
                </control>
                <control type="image" id="9">
                    <description>Feature separator image</description>
                    <width>480</width>
                    <height>8</height>
                    <texture>list/bg_facade_separator.png</texture>
                </control>
            </control>
            <control type="image">
                <posx>128</posx>
                <posy>1024</posy>
                <width>1664</width>
                <height>79</height>
                <texture>list/bg_facade_nofocus_top.png</texture>
            </control>
            <control type="grouplist" id="9001">
                <posx>128</posx>
                <posy>1117</posy>
                <width>1664</width>
                <height>90</height>
                <itemgap>20</itemgap>
                <aligny>bottom</aligny>
                <align>center</align>
                <orientation>horizontal</orientation>
                <onup>3</onup>
                <ondown>9001</ondown>
                <onright>10</onright>
                <control type="button" id="18">
                    <width>308</width>
                    <label>$LOCALIZE[186]</label>
                </control>
                <control type="button" id="19">
                    <width>308</width>
                    <label>$LOCALIZE[10035]</label>
                </control>
                <control type="button" id="20">
                    <width>308</width>
                    <label>$LOCALIZE[21452]</label>
                </control>
                <control type="button" id="17">
                    <width>308</width>
                    <label>$LOCALIZE[10043]</label>
                </control>
                <control type="button" id="21">
                    <width>308</width>
                    <label>$LOCALIZE[35013]</label>
                </control>
            </control>
        </control>
    </controls>
</window>
