<?xml version="1.0" encoding="utf-8"?>
<window type="dialog">
    <defaultcontrol always="true">9001</defaultcontrol>
    <include>DialogOpenClose</include>
    <controls>
        <include>DimBG</include>
        <control type="group">
            <include condition="Skin.HasSetting(BlackGlassMode)+!Skin.HasSetting(DisableSlidingAnimations)">OpenCloseSlideRight</include>
            <include content="WindowClosingButton">
                <param name="id" value="0"/>
                <param name="x" value="1490"/>
                <param name="y" value="236"/>
            </include>
            <control type="image">
                <posx>381</posx>
                <posy>240</posy>
                <width>1159</width>
                <height>600</height>
                <texture border="94">common/bg_dialog.png</texture>
            </control>
            <control type="group">
                <posx>426</posx>
                <posy>277</posy>
                <control type="label" id="1">
                    <animation effect="slide" start="0,0" end="0,10" time="0" condition="Integer.IsEqual(Control.GetLabel(20),0)">Conditional</animation>
                    <posx>45</posx>
                    <posy>7</posy>
                    <width>979</width>
                    <height>100</height>
                    <font>InfoTitleFont</font>
                    <textcolor>MainColor</textcolor>
                    <align>center</align>
                </control>
                <include content="ProgressBar">
                    <param name="id" value="20"/>
                    <param name="visible" value="true"/>
                    <param name="x" value="25"/>
                    <param name="y" value="80"/>
                    <param name="width" value="1019"/>
                    <param name="height" value="42"/>
                    <param name="texturebg" value="buttons/Scrollbar_Horizontal_NoFocus.png"/>
                    <param name="gfx" value="buttons/Scrollbar_Horizontal_Focus.png"/>
                    <param name="border" value="31,0,31,0"/>
                    <param name="borderbg" value="31,0,31,0"/>
                    <param name="coldiffbg" value="90ffffff"/>
                    <param name="info" value="System.Progressbar"/>
                    <param name="reveal" value="false"/>
                </include>
                <control type="image">
                    <posx>0</posx>
                    <posy>38</posy>
                    <width>1069</width>
                    <height>79</height>
                    <texture>list/bg_facade_nofocus_top.png</texture>
                </control>
                <control type="textbox" id="9">
                    <description>text</description>
                    <posx>45</posx>
                    <posy>140</posy>
                    <width>979</width>
                    <height>240</height>
                    <align>center</align>
                    <label>-</label>
                    <font>InfoDetailsFont</font>
                    <textcolor>MainColor</textcolor>
                    <pagecontrol>6060</pagecontrol>
                </control>
                <control type="scrollbar" id="6060">
                    <visible>Skin.HasSetting(ManualScroll)</visible>
                    <posx>1037</posx>
                    <posy>140</posy>
                    <height>240</height>
                    <include>VerticalScroller</include>
                    <onleft>9001</onleft>
                    <onright>9001</onright>
                    <ondown>9001</ondown>
                    <onup>9001</onup>
                </control>
                <control type="image">
                    <posx>0</posx>
                    <posy>330</posy>
                    <width>1069</width>
                    <height>79</height>
                    <texture>list/bg_facade_nofocus_top.png</texture>
                </control>
                <control type="grouplist" id="9001">
                    <posx>0</posx>
                    <posy>416</posy>
                    <width>1069</width>
                    <height>90</height>
                    <itemgap>30</itemgap>
                    <aligny>bottom</aligny>
                    <align>center</align>
                    <orientation>horizontal</orientation>
                    <onup>6060</onup>
                    <ondown>6060</ondown>
                    <onleft>6060</onleft>
                    <onright>6060</onright>
                    <control type="button" id="11">
                        <width>275</width>
                    </control>
                    <control type="button" id="10">
                        <width>275</width>
                    </control>
                    <control type="button" id="12">
                    </control>
                </control>
            </control>
        </control>
    </controls>
</window>
