<?xml version="1.0" encoding="utf-8"?>
<includes>
    <include name="Vertical_HomeSubMenu">
        <posx>-470</posx>
        <posy>291</posy>
        <width>467</width>
        <height>497</height>
        <onleft>9900</onleft>
        <onright>300</onright>
        <onup>9900</onup>
        <ondown>9001</ondown>
        <onback>300</onback>
        <focusposition>6</focusposition>
        <movement>0</movement>
        <itemgap>0</itemgap>
        <itemlayout height="71" width="467">
            <control type="image">
                <posx>0</posx>
                <posy>0</posy>
                <width>467</width>
                <height>71</height>
                <texture flipx="true" border="3">list/bg_facade_nofocus.png</texture>
            </control>
            <control type="label">
                <posx>422r</posx>
                <height>69</height>
                <width>377</width>
                <align>right</align>
                <font>FacadeListMainFont</font>
                <textcolor>ListNoFocusColor</textcolor>
                <label>$INFO[ListItem.Label]</label>
                <scroll>false</scroll>
            </control>
        </itemlayout>
        <focusedlayout height="71" width="467">
            <control type="image">
                <posx>0</posx>
                <posy>0</posy>
                <width>467</width>
                <height>71</height>
                <include>FlippedFacadeFocus</include>
            </control>
            <control type="label">
                <posx>422r</posx>
                <height>69</height>
                <width>377</width>
                <align>right</align>
                <font>FacadeListMainFont</font>
                <textcolor>ListFocusColor</textcolor>
                <label>$INFO[ListItem.Label]</label>
            </control>
        </focusedlayout>
        <content>
            <include>skinshortcuts-submenu</include>
            <include condition="Skin.HasSetting(plexbmc)+System.HasAddon(plugin.video.plexbmc)">Plexbmc.Submenu.Items</include>
        </content>
    </include>
    <include name="Vertical_HomeMenu">
        <posx>0</posx>
        <posy>78</posy>
        <width>467</width>
        <height>923</height>
        <onup>9900</onup>
        <ondown>300</ondown>
        <onleft>9001</onleft>
        <onright>9060</onright>
        <onback>9001</onback>
        <pagecontrol>9060</pagecontrol>
        <focusposition>6</focusposition>
        <movement>0</movement>
        <preloaditems>4</preloaditems>
        <itemgap>0</itemgap>
        <itemlayout height="71" width="467">
            <control type="image">
                <posx>0</posx>
                <posy>0</posy>
                <width>467</width>
                <height>71</height>
                <texture flipx="true" border="3">list/bg_facade_nofocus.png</texture>
            </control>
            <control type="label">
                <posx>422r</posx>
                <height>69</height>
                <width>377</width>
                <align>right</align>
                <font>FacadeListMainFont</font>
                <textcolor>ListNoFocusColor</textcolor>
                <label>$INFO[ListItem.Label]</label>
                <scroll>false</scroll>
            </control>
        </itemlayout>
        <focusedlayout height="71" width="467">
            <control type="image">
                <visible>!control.hasfocus(300)</visible>
                <posx>0</posx>
                <posy>0</posy>
                <width>467</width>
                <height>71</height>
                <texture flipx="true" border="3">list/bg_facade_nofocus.png</texture>
            </control>
            <control type="image">
                <visible>control.hasfocus(300)</visible>
                <posx>0</posx>
                <posy>0</posy>
                <width>467</width>
                <height>71</height>
                <include>FlippedFacadeFocus</include>
            </control>
            <control type="label">
                <posx>422r</posx>
                <height>69</height>
                <width>377</width>
                <align>right</align>
                <font>FacadeListMainFont</font>
                <textcolor>ListFocusColor</textcolor>
                <label>$INFO[ListItem.Label]</label>
            </control>
        </focusedlayout>
        <content>
            <include condition="Skin.HasSetting(plexbmc)+System.HasAddon(plugin.video.plexbmc)">Plexbmc.Items</include>
            <include>skinshortcuts-mainmenu</include>
        </content>
    </include>
    <include name="Vertical_Home_Layout">
        <include condition="Skin.HasSetting(BlackGlassMode)+!Skin.HasSetting(DisableSlidingAnimations)">OpenCloseSlideLeft</include>
        <control type="group" id="505052">
            <control type="group">
                <control type="button" id="899900">
                    <description>Fake button for mouse control</description>
                    <posx>400</posx>
                    <posy>0</posy>
                    <width>1920</width>
                    <height>1080</height>
                    <onup>700</onup>
                    <ondown>700</ondown>
                    <onleft>300</onleft>
                    <onright>60</onright>
                    <include>HiddenButton</include>
                    <!--<onfocus>SetFocus(700)</onfocus>-->
                </control>
            </control>
            <control type="grouplist" id="700">
                <include>HeaderSlideEffectTopBar</include>
                <posx>390</posx>
                <pagecontrol>60</pagecontrol>
                <itemgap>0</itemgap>

                <!-- -->
                <!--PLEX-->
                <!-- -->

                <!--PICTURES-->
                <include condition="!Skin.HasSetting(Hide.RecentlyAdded) + Skin.HasSetting(plexbmc)" content="Vertical_WidgetPlex">
                    <param name="title" value="$LOCALIZE[31961]"/>
                    <param name="ondown" value="901"/>
                    <param name="onup" value="300"/>
                    <param name="onright" value="901"/>
                    <param name="height" value="573"/>
                    <param name="gradientY" value="303"/>
                    <param name="gfxType" value="Square"/>
                    <param name="content" value="PlexRecentPhotoContent"/>
                    <param name="id" value="900"/>
                    <param name="visibility" value="String.IsEqual(Container(300).ListItem.Property(type),photo)"/>
                    <param name="labelTitle" value="$INFO[ListItem.Label]"/>
                    <param name="labelSubTitle" value=""/>
                </include>
                <!--QUEUE-->
                <include condition="!Skin.HasSetting(Hide.RecentlyAdded) + Skin.HasSetting(plexbmc)" content="Vertical_WidgetPlex">
                    <param name="title" value="$LOCALIZE[31961]"/>
                    <param name="ondown" value="311"/>
                    <param name="onup" value="900"/>
                    <param name="onright" value="311"/>
                    <param name="height" value="573"/>
                    <param name="gradientY" value="303"/>
                    <param name="gfxType" value="Square"/>
                    <param name="content" value="PlexQueueContent"/>
                    <param name="id" value="901"/>
                    <param name="visibility" value="String.IsEqual(Container(300).ListItem.Label,$LOCALIZE[31010])"/>
                    <param name="labelTitle" value="$INFO[ListItem.Label]"/>
                    <param name="labelSubTitle" value="-"/>
                </include>
                <!--MOVIES-->
                <include condition="!Skin.HasSetting(Hide.RecentlyAdded) + Skin.HasSetting(plexbmc)" content="Vertical_WidgetPlex">
                    <param name="title" value="$LOCALIZE[31961]"/>
                    <param name="height" value="650"/>
                    <param name="ondown" value="312"/>
                    <param name="onup" value="901"/>
                    <param name="onright" value="312"/>
                    <param name="gradientY" value="380"/>
                    <param name="gfxType" value="Poster"/>
                    <param name="content" value="PlexRecentMovieContent"/>
                    <param name="id" value="311"/>
                    <param name="visibility" value="String.IsEqual(Container(300).ListItem.Property(type),movie)"/>
                    <param name="labelTitle" value="$INFO[ListItem.Label]"/>
                    <param name="labelSubTitle" value="$INFO[ListItem.Property(Rating),,  •  ]$INFO[ListItem.Property(Year),,  •  ]$INFO[ListItem.Property(Runtime),, $LOCALIZE[31297]]"/>
                </include>
                <include condition="!Skin.HasSetting(Hide.RecentlyAdded) + Skin.HasSetting(plexbmc)" content="Vertical_WidgetPlex">
                    <param name="title" value="$LOCALIZE[31011]"/>
                    <param name="height" value="650"/>
                    <param name="ondown" value="511"/>
                    <param name="onup" value="311"/>
                    <param name="onright" value="511"/>
                    <param name="gradientY" value="380"/>
                    <param name="gfxType" value="Poster"/>
                    <param name="content" value="PlexOnDeckMovieContent"/>
                    <param name="id" value="312"/>
                    <param name="visibility" value="String.IsEqual(Container(300).ListItem.Property(type),movie)"/>
                    <param name="labelTitle" value="$INFO[ListItem.Label]"/>
                    <param name="labelSubTitle" value="$INFO[ListItem.Property(Rating),,  •  ]$INFO[ListItem.Property(Year),,  •  ]$INFO[ListItem.Property(Runtime),, $LOCALIZE[31297]]"/>
                </include>
                <!--ALBUMS-->
                <include condition="!Skin.HasSetting(Hide.RecentlyAdded) + Skin.HasSetting(plexbmc)" content="Vertical_WidgetPlex">
                    <param name="title" value="$LOCALIZE[31961]"/>
                    <param name="ondown" value="212"/>
                    <param name="onup" value="312"/>
                    <param name="onright" value="212"/>
                    <param name="height" value="573"/>
                    <param name="gradientY" value="303"/>
                    <param name="gfxType" value="Square"/>
                    <param name="content" value="PlexRecentAlbumContent"/>
                    <param name="id" value="511"/>
                    <param name="visibility" value="String.IsEqual(Container(300).ListItem.Property(type),artist)"/>
                    <param name="labelTitle" value="$INFO[ListItem.Label]"/>
                    <param name="labelSubTitle" value="$INFO[ListItem.Label2]"/>
                </include>
                <!--CHANNELS-->
                <include condition="!Skin.HasSetting(Hide.RecentlyAdded) + Skin.HasSetting(plexbmc)" content="Vertical_WidgetPlex">
                    <param name="title" value="$LOCALIZE[31961]"/>
                    <param name="ondown" value="411"/>
                    <param name="onup" value="511"/>
                    <param name="onright" value="411"/>
                    <param name="height" value="573"/>
                    <param name="gradientY" value="303"/>
                    <param name="gfxType" value="Square"/>
                    <param name="content" value="PlexRecentChannelContent"/>
                    <param name="id" value="212"/>
                    <param name="visibility" value="Container(300).HasFocus(50)"/>
                    <param name="labelTitle" value="$INFO[ListItem.Label]"/>
                    <param name="labelSubTitle" value="-"/>
                </include>
                <!--EPISODES-->
                <include condition="!Skin.HasSetting(Hide.RecentlyAdded) + Skin.HasSetting(plexbmc)" content="Vertical_WidgetPlex">
                    <param name="title" value="$LOCALIZE[31961]"/>
                    <param name="height" value="650"/>
                    <param name="ondown" value="412"/>
                    <param name="onup" value="212"/>
                    <param name="onright" value="412"/>
                    <param name="gradientY" value="380"/>
                    <param name="gfxType" value="Poster"/>
                    <param name="content" value="PlexRecentEpisodeContent"/>
                    <param name="id" value="411"/>
                    <param name="visibility" value="String.IsEqual(Container(300).ListItem.Property(type),show)"/>
                    <param name="labelTitle" value="$INFO[ListItem.Property(TVshowTitle)]"/>
                    <param name="labelSubTitle" value="$INFO[ListItem.Property(SeasonEpisode)]$INFO[ListItem.Property(Rating),  •  ]$INFO[ListItem.Property(Runtime),  •  , $LOCALIZE[31297]]"/>
                </include>
                <include condition="!Skin.HasSetting(Hide.RecentlyAdded) + Skin.HasSetting(plexbmc)" content="Vertical_WidgetPlex">
                    <param name="title" value="$LOCALIZE[31011]"/>
                    <param name="height" value="650"/>
                    <param name="ondown" value="413"/>
                    <param name="onup" value="411"/>
                    <param name="onright" value="413"/>
                    <param name="gradientY" value="380"/>
                    <param name="gfxType" value="Poster"/>
                    <param name="content" value="PlexOnDeckEpisodeContent"/>
                    <param name="id" value="412"/>
                    <param name="visibility" value="String.IsEqual(Container(300).ListItem.Property(type),show)"/>
                    <param name="labelTitle" value="$INFO[ListItem.Property(TVshowTitle)]"/>
                    <param name="labelSubTitle" value="$INFO[ListItem.Property(SeasonEpisode)]$INFO[ListItem.Property(Rating),  •  ]$INFO[ListItem.Property(Runtime),  •  , $LOCALIZE[31297]]"/>
                </include>
                <include condition="!Skin.HasSetting(Hide.RecentlyAdded) + Skin.HasSetting(plexbmc)" content="Vertical_WidgetPlex">
                    <param name="title" value="$LOCALIZE[31932]"/>
                    <param name="height" value="650"/>
                    <param name="ondown" value="700011"/>
                    <param name="onup" value="412"/>
                    <param name="onright" value="700011"/>
                    <param name="gradientY" value="380"/>
                    <param name="gfxType" value="Poster"/>
                    <param name="content" value="PlexRecentlyViewedShowContent"/>
                    <param name="id" value="413"/>
                    <param name="visibility" value="String.IsEqual(Container(300).ListItem.Property(type),show)"/>
                    <param name="labelTitle" value="$INFO[ListItem.Label]"/>
                    <param name="labelSubTitle" value="$INFO[ListItem.Property(Rating),,  •  ]$INFO[ListItem.Property(Year),,  •  ]$INFO[ListItem.Property(Runtime),, $LOCALIZE[31297]]"/>
                </include>


                <!-- -->
                <!--CUSTOM WIDGETS-->
                <!-- -->



                <include condition="!Skin.HasSetting(Hide.RecentlyAdded)">skinshortcuts-template-vertical.widget</include>
                <include condition="!Skin.HasSetting(Hide.RecentlyAdded)">skinshortcuts-template-vertical.widget.1</include>
                <include condition="!Skin.HasSetting(Hide.RecentlyAdded)">skinshortcuts-template-vertical.widget.2</include>
                <include condition="!Skin.HasSetting(Hide.RecentlyAdded)">skinshortcuts-template-vertical.widget.3</include>
                <include condition="!Skin.HasSetting(Hide.RecentlyAdded)">skinshortcuts-template-vertical.widget.4</include>
            </control>
            <control type="scrollbar" id="60">
                <include>HeaderSlideEffectTopBar</include>
                <include>ScrollabarVerticalHasFocus</include>
                <include>OpenClose</include>
                <posx>1899</posx>
                <posy>0</posy>
                <height>1080</height>
                <include>VerticalScroller</include>
                <onleft>700</onleft>
                <onright>60</onright>
            </control>
        </control>
        <control type="group">
            <include>HeaderSlideEffectTopBar</include>
            <control type="group">
                <!--MAIN MENU PANEL-->
                <control type="group">
                    <control type="image">
                        <posx>0</posx>
                        <posy>-35</posy>
                        <width>517</width>
                        <height>1149</height>
                        <texture border="90">common/bg_left.png</texture>
                    </control>
                    <control type="label">
                        <posx>417</posx>
                        <posy>11</posy>
                        <textoffsetx>0</textoffsetx>
                        <textoffsety>32</textoffsety>
                        <align>right</align>
                        <aligny>top</aligny>
                        <width>417</width>
                        <font>LeftMenuTitleFont</font>
                        <textcolor>60ffffff</textcolor>
                        <scroll>true</scroll>
                        <label>$VAR[HomeSubTitles]</label>
                    </control>
                    <control type="image">
                        <posx>0</posx>
                        <posy>-1</posy>
                        <width>467</width>
                        <height>79</height>
                        <texture flipx="true">list/bg_facade_nofocus_top.png</texture>
                    </control>
                    <control type="image">
                        <posx>0</posx>
                        <posy>-1</posy>
                        <width>467</width>
                        <height>79</height>
                        <texture flipx="true">list/bg_facade_nofocus_top.png</texture>
                    </control>
                    <control type="image">
                        <posx>0</posx>
                        <posy>922</posy>
                        <width>467</width>
                        <height>79</height>
                        <texture flipx="true">list/bg_facade_nofocus_top.png</texture>
                    </control>
                    <control type="image">
                        <posx>0</posx>
                        <posy>922</posy>
                        <width>467</width>
                        <height>79</height>
                        <texture flipx="true">list/bg_facade_nofocus_top.png</texture>
                    </control>
                    <control type="rss">
                        <visible>system.getbool(lookandfeel.enablerssfeeds)</visible>
                        <posx>-50</posx>
                        <posy>1013</posy>
                        <textoffsetx>45</textoffsetx>
                        <textoffsety>32</textoffsety>
                        <align>right</align>
                        <aligny>top</aligny>
                        <width>467</width>
                        <font>LeftMenuTitleFont</font>
                        <textcolor>60ffffff</textcolor>
                        <titlecolor>MainColor</titlecolor>
                        <headlinecolor>60ffffff</headlinecolor>
                    </control>
                    <control type="list" id="300">
                        <include>Vertical_HomeMenu</include>
                    </control>
                    <control type="scrollbar" id="9060">
                        <include>OpenClose</include>
                        <posx>440</posx>
                        <posy>78</posy>
                        <height>923</height>
                        <include>VerticalScroller</include>
                        <onright condition="Skin.HasSetting(plexbmc)+!String.IsEmpty(Container(300).ListItem.Property(uuid))">900</onright>
                        <onright condition="String.IsEqual(Container(300).ListItem.Property(id),1)">700011</onright>
                        <onright condition="String.IsEqual(Container(300).ListItem.Property(id),2)">700012</onright>
                        <onright condition="String.IsEqual(Container(300).ListItem.Property(id),3)">700013</onright>
                        <onright condition="String.IsEqual(Container(300).ListItem.Property(id),4)">700014</onright>
                        <onright condition="String.IsEqual(Container(300).ListItem.Property(id),5)">700015</onright>
                        <onright condition="String.IsEqual(Container(300).ListItem.Property(id),6)">700016</onright>
                        <onright condition="String.IsEqual(Container(300).ListItem.Property(id),7)">700017</onright>
                        <onright condition="String.IsEqual(Container(300).ListItem.Property(id),8)">700018</onright>
                        <onright condition="String.IsEqual(Container(300).ListItem.Property(id),9)">700019</onright>
                        <onright condition="String.IsEqual(Container(300).ListItem.Property(id),10)">7000110</onright>
                        <onright condition="String.IsEqual(Container(300).ListItem.Property(id),11)">7000111</onright>
                        <onright condition="String.IsEqual(Container(300).ListItem.Property(id),12)">7000112</onright>
                        <onright condition="String.IsEqual(Container(300).ListItem.Property(id),13)">7000113</onright>
                        <onright condition="String.IsEqual(Container(300).ListItem.Property(id),14)">7000114</onright>
                        <onright condition="String.IsEqual(Container(300).ListItem.Property(id),15)">7000115</onright>
                        <onright condition="String.IsEqual(Container(300).ListItem.Property(id),16)">7000116</onright>
                        <onright condition="String.IsEqual(Container(300).ListItem.Property(id),17)">7000117</onright>
                        <onright condition="String.IsEqual(Container(300).ListItem.Property(id),18)">7000118</onright>
                        <onright condition="String.IsEqual(Container(300).ListItem.Property(id),19)">7000119</onright>
                        <onright condition="String.IsEqual(Container(300).ListItem.Property(id),20)">7000120</onright>
                        <onright condition="String.IsEqual(Container(300).ListItem.Property(id),21)">7000121</onright>
                        <onright condition="String.IsEqual(Container(300).ListItem.Property(id),22)">7000122</onright>
                        <onright condition="String.IsEqual(Container(300).ListItem.Property(id),23)">7000123</onright>
                        <onright condition="String.IsEqual(Container(300).ListItem.Property(id),24)">7000124</onright>
                        <onright condition="String.IsEqual(Container(300).ListItem.Property(id),25)">7000125</onright>
                        <onright condition="String.IsEqual(Container(300).ListItem.Property(id),26)">7000126</onright>
                        <onright condition="String.IsEqual(Container(300).ListItem.Property(id),27)">7000127</onright>
                        <onright condition="String.IsEqual(Container(300).ListItem.Property(id),28)">7000128</onright>
                        <onright condition="String.IsEqual(Container(300).ListItem.Property(id),29)">7000129</onright>
                        <onright condition="String.IsEqual(Container(300).ListItem.Property(id),30)">7000130</onright>
                        <onright condition="String.IsEqual(Container(300).ListItem.Property(id),31)">7000131</onright>
                        <onright condition="String.IsEqual(Container(300).ListItem.Property(id),32)">7000132</onright>
                        <onright condition="String.IsEqual(Container(300).ListItem.Property(id),33)">7000133</onright>
                        <onright condition="String.IsEqual(Container(300).ListItem.Property(id),34)">7000134</onright>
                        <onright condition="String.IsEqual(Container(300).ListItem.Property(id),35)">7000135</onright>
                        <onright condition="String.IsEqual(Container(300).ListItem.Property(id),36)">7000136</onright>
                        <onright condition="String.IsEqual(Container(300).ListItem.Property(id),37)">7000137</onright>
                        <onright condition="String.IsEqual(Container(300).ListItem.Property(id),38)">7000138</onright>
                        <onright condition="String.IsEqual(Container(300).ListItem.Property(id),39)">7000139</onright>
                        <onright condition="String.IsEqual(Container(300).ListItem.Property(id),40)">7000140</onright>
                        <onright condition="String.IsEqual(Container(300).ListItem.Property(id),41)">7000141</onright>
                        <onright condition="String.IsEqual(Container(300).ListItem.Property(id),42)">7000142</onright>
                        <onright condition="String.IsEqual(Container(300).ListItem.Property(id),43)">7000143</onright>
                        <onright condition="String.IsEqual(Container(300).ListItem.Property(id),44)">7000144</onright>
                        <onright condition="String.IsEqual(Container(300).ListItem.Property(id),45)">7000145</onright>
                        <onright condition="String.IsEqual(Container(300).ListItem.Property(id),46)">7000146</onright>
                        <onright condition="String.IsEqual(Container(300).ListItem.Property(id),47)">7000147</onright>
                        <onright condition="String.IsEqual(Container(300).ListItem.Property(id),48)">7000148</onright>
                        <onright condition="String.IsEqual(Container(300).ListItem.Property(id),49)">7000149</onright>
                        <onright condition="String.IsEqual(Container(300).ListItem.Property(id),50)">7000150</onright>
                        <onleft>300</onleft>
                    </control>
                </control>

                <!--SUB MENU PANEL-->
                <control type="group">
                    <animation effect="slide" tween="circle" start="0,0" end="455,0" time="200" delay="0" reversible="true" condition="Integer.IsGreater(Container(9001).NumItems,0)+[Control.HasFocus(9001)|Control.hasfocus(8999)|Control.hasfocus(8983)|Control.hasfocus(8984)]">conditional</animation>
                    <control type="button" id="8999">
                        <posx>-600</posx>
                        <posy>0</posy>
                        <width>627</width>
                        <height>1080</height>
                        <include>HiddenButton</include>
                        <visible>true</visible>
                    </control>
                    <control type="group">
                        <animation effect="slide" start="0,0" end="0,-214" time="100" delay="0" reversible="true" condition="Container(300).Position(0)">conditional</animation>
                        <animation effect="slide" start="0,0" end="0,-169" time="100" delay="0" reversible="true" condition="Container(300).Position(1)">conditional</animation>
                        <animation effect="slide" start="0,0" end="0,-126" time="100" delay="0" reversible="true" condition="Container(300).Position(2)">conditional</animation>
                        <animation effect="slide" start="0,0" end="0,-84" time="100" delay="0" reversible="true" condition="Container(300).Position(3)">conditional</animation>
                        <animation effect="slide" start="0,0" end="0,-42" time="100" delay="0" reversible="true" condition="Container(300).Position(4)">conditional</animation>
                        <animation effect="slide" start="0,0" end="0,-20" time="100" delay="0" reversible="true" condition="Container(300).Position(5)">conditional</animation>
                        <animation effect="slide" start="0,0" end="0,20" time="100" delay="0" reversible="true" condition="Container(300).Position(7)">conditional</animation>
                        <animation effect="slide" start="0,0" end="0,42" time="100" delay="0" reversible="true" condition="Container(300).Position(8)">conditional</animation>
                        <animation effect="slide" start="0,0" end="0,84" time="100" delay="0" reversible="true" condition="Container(300).Position(9)">conditional</animation>
                        <animation effect="slide" start="0,0" end="0,126" time="100" delay="0" reversible="true" condition="Container(300).Position(10)">conditional</animation>
                        <animation effect="slide" start="0,0" end="0,169" time="100" delay="0" reversible="true" condition="Container(300).Position(11)">conditional</animation>
                        <animation effect="slide" start="0,0" end="0,214" time="100" delay="0" reversible="true" condition="Container(300).Position(12)">conditional</animation>
                        <control type="image">
                            <posx>-470</posx>
                            <posy>291</posy>
                            <width>467</width>
                            <height>497</height>
                            <texture>common/BlackDot.png</texture>
                        </control>
                        <control type="image">
                            <visible>Integer.IsGreater(Container(9001).NumItems,0)</visible>
                            <include>VisibleFadeEffect</include>
                            <posx>-470</posx>
                            <posy>178</posy>
                            <width>517</width>
                            <height>723</height>
                            <texture border="90">common/bg_left.png</texture>
                        </control>
                        <control type="label">
                            <posx>0</posx>
                            <posy>224</posy>
                            <textoffsetx>45</textoffsetx>
                            <textoffsety>32</textoffsety>
                            <align>right</align>
                            <aligny>top</aligny>
                            <width>490</width>
                            <font>LeftMenuTitleFont</font>
                            <textcolor>60ffffff</textcolor>
                            <label>$LOCALIZE[1034]: $INFO[Control.GetLabel(300)]</label>
                        </control>
                        <control type="image">
                            <posx>-470</posx>
                            <posy>212</posy>
                            <width>467</width>
                            <height>79</height>
                            <texture flipx="true">list/bg_facade_nofocus_top.png</texture>
                        </control>
                        <control type="image">
                            <posx>-470</posx>
                            <posy>212</posy>
                            <width>467</width>
                            <height>79</height>
                            <texture flipx="true">list/bg_facade_nofocus_top.png</texture>
                        </control>
                        <control type="image">
                            <posx>-470</posx>
                            <posy>709</posy>
                            <width>467</width>
                            <height>79</height>
                            <texture flipx="true">list/bg_facade_nofocus_top.png</texture>
                        </control>
                        <control type="image">
                            <posx>-470</posx>
                            <posy>709</posy>
                            <width>467</width>
                            <height>79</height>
                            <texture flipx="true">list/bg_facade_nofocus_top.png</texture>
                        </control>
                        <control type="list" id="9001">
                            <include>Vertical_HomeSubMenu</include>
                        </control>
                    </control>
                </control>
            </control>
        </control>
    </include>
</includes>
