<?xml version="1.0" encoding="UTF-8" standalone="yes"?>
<addon id="resource.actualizador" name="Actualizador" version="1.4" provider-name="iker">
  <requires>
    <import addon="xbmc.python" version="2.1.0"/>
  </requires>
  <extension point="xbmc.python.pluginsource" library="default.py">
        <provides>executable</provides>
  </extension>
  <extension point="xbmc.service" library="startup.py" start="startup" />
  <extension point="xbmc.addon.metadata">
    <summary lang="es">Comprobar actualizaciones Wizard Princess</summary>
	<news>[COLOR blue][B] Actualizacion 1.4  (09-09-2018)[/B][/COLOR]
a)Eliminado addons por cierre del creador ** KodiTv **
b)Agregado nuevos addons:*Cinemania de Netai* y *Mundo Oscuro de Decosub*</news>
    <description lang="es">Tambien por si estais interesados se agregaron los repositorios de Netai y Decosub,para quien quiere instalarse sus otros addons</description>
	<disclaimer lang="en"></disclaimer>
    <platform>all</platform>
  </extension>
</addon>
